initial_lr,optimizer,criterion,train_data_used,train_set_shuffle,train_batch_size,conv1x1,conv1x1_3x3.0,conv1x1_3x3.1,conv1x1_5x5.0,conv1x1_5x5.1,train accuracy epoch0,test accuracy epoch0,method,run
0.001,<class 'torch.optim.adam.Adam'>,CrossEntropyLoss(),1,True,64,202.76025,80.34372,80.34372,421.0182,421.01822,91.07166666666669,95.25,deeplift,0
0.001,<class 'torch.optim.adam.Adam'>,CrossEntropyLoss(),1,True,64,244.37668341312988,95.92535449899596,95.92535391531344,494.7694179154092,494.7694377087769,91.07166666666669,95.25,integrated_gradients,0
0.001,<class 'torch.optim.adam.Adam'>,CrossEntropyLoss(),1,True,64,112.48416,215.31491,215.31487,344.0665,344.06644,90.52333333333333,95.08,deeplift,1
0.001,<class 'torch.optim.adam.Adam'>,CrossEntropyLoss(),1,True,64,141.26174073656344,286.20150625090264,286.2015112857649,411.1929848690603,411.1929895409583,90.52333333333333,95.08,integrated_gradients,1
0.001,<class 'torch.optim.adam.Adam'>,CrossEntropyLoss(),1,True,64,128.78319,193.10953,193.1096,309.5158,309.5158,90.33333333333331,95.71,deeplift,2
0.001,<class 'torch.optim.adam.Adam'>,CrossEntropyLoss(),1,True,64,190.948439381995,279.0777301372653,279.07772659754625,413.6265115003184,413.6264945880689,90.33333333333331,95.71,integrated_gradients,2
0.001,<class 'torch.optim.adam.Adam'>,CrossEntropyLoss(),1,True,64,136.88693,280.80853,280.80862,201.63081,201.6308,90.60166666666667,95.54,deeplift,3
0.001,<class 'torch.optim.adam.Adam'>,CrossEntropyLoss(),1,True,64,199.26244331834636,430.5486418317778,430.5486467897392,298.2703305415318,298.27033119611576,90.60166666666667,95.54,integrated_gradients,3
0.001,<class 'torch.optim.adam.Adam'>,CrossEntropyLoss(),1,True,64,143.53969,273.6754,273.67538,154.02077,154.02075,90.53833333333333,94.27,deeplift,4
0.001,<class 'torch.optim.adam.Adam'>,CrossEntropyLoss(),1,True,64,178.1013421621259,362.6194061384758,362.6194222823371,198.3748939553347,198.3748915489376,90.61,94.76,integrated_gradients,4
0.001,<class 'torch.optim.adam.Adam'>,CrossEntropyLoss(),1,True,64,211.13194,387.00504,387.00504,57.262924,57.26292,88.83833333333334,94.39,deeplift,5
0.001,<class 'torch.optim.adam.Adam'>,CrossEntropyLoss(),1,True,64,281.0878022350243,506.6256358483907,506.6256256116978,76.20953480177006,76.2095306038617,88.83833333333334,94.39,integrated_gradients,5
0.001,<class 'torch.optim.adam.Adam'>,CrossEntropyLoss(),1,True,64,198.36005,167.46416,167.46417,200.77089,200.77097,89.5,94.61,deeplift,6
0.001,<class 'torch.optim.adam.Adam'>,CrossEntropyLoss(),1,True,64,278.4613427222096,242.3892717077535,242.3892776924854,276.9355026095677,276.9355183912772,89.5,94.61,integrated_gradients,6
0.001,<class 'torch.optim.adam.Adam'>,CrossEntropyLoss(),1,True,64,188.28044,391.17484,391.17477,106.7796,106.77963,90.615,95.26,deeplift,7
0.001,<class 'torch.optim.adam.Adam'>,CrossEntropyLoss(),1,True,64,242.3314971620632,496.1085623210643,496.1085459238353,166.37071624520974,166.37070540111216,90.615,95.26,integrated_gradients,7
0.001,<class 'torch.optim.adam.Adam'>,CrossEntropyLoss(),1,True,64,170.75883,114.14321,114.1432,254.13911,254.13918,88.69333333333333,94.32,deeplift,8
0.001,<class 'torch.optim.adam.Adam'>,CrossEntropyLoss(),1,True,64,247.7910108943389,182.77429413081785,182.77430541066272,379.216095493246,379.21608984691954,88.69333333333333,94.32,integrated_gradients,8
0.001,<class 'torch.optim.adam.Adam'>,CrossEntropyLoss(),1,True,64,223.92136,387.0481,387.0482,116.48118,116.481155,90.64166666666668,95.03,deeplift,9
0.001,<class 'torch.optim.adam.Adam'>,CrossEntropyLoss(),1,True,64,319.6380866641046,503.84335729116543,503.843359509139,157.4186405247888,157.4186352821201,90.64166666666668,95.03,integrated_gradients,9
0.001,<class 'torch.optim.adam.Adam'>,CrossEntropyLoss(),1,True,64,132.86813,32.595013,32.595016,475.18478,475.18478,90.13666666666668,94.95,deeplift,10
0.001,<class 'torch.optim.adam.Adam'>,CrossEntropyLoss(),1,True,64,164.89285483593355,43.31046649917712,43.31046616290666,545.4869206650176,545.4868774792546,90.13666666666668,94.95,integrated_gradients,10
0.001,<class 'torch.optim.adam.Adam'>,CrossEntropyLoss(),1,True,64,197.31363,141.40318,141.40317,280.8939,280.89392,90.27833333333334,95.48,deeplift,11
0.001,<class 'torch.optim.adam.Adam'>,CrossEntropyLoss(),1,True,64,267.2481918019838,190.7321799047133,190.73217573659463,346.6727952530507,346.67279669701054,90.28166666666668,95.26,integrated_gradients,11
0.001,<class 'torch.optim.adam.Adam'>,CrossEntropyLoss(),1,True,64,101.83477,144.79897,144.79898,436.77426,436.77423,88.68166666666667,94.64,deeplift,12
0.001,<class 'torch.optim.adam.Adam'>,CrossEntropyLoss(),1,True,64,113.12476236111436,206.59201544484037,206.5920032063927,530.6291159044225,530.6290992594111,88.68166666666667,94.64,integrated_gradients,12
0.001,<class 'torch.optim.adam.Adam'>,CrossEntropyLoss(),1,True,64,150.31584,255.5112,255.51117,146.30292,146.30293,89.77666666666667,94.85,deeplift,13
0.001,<class 'torch.optim.adam.Adam'>,CrossEntropyLoss(),1,True,64,195.06718676949427,398.12120014319487,398.1212066868703,246.040692929186,246.04069727086224,89.77666666666667,94.85,integrated_gradients,13
0.001,<class 'torch.optim.adam.Adam'>,CrossEntropyLoss(),1,True,64,130.93756,104.02381,104.023796,340.79645,340.79645,90.21833333333332,94.19,deeplift,14
0.001,<class 'torch.optim.adam.Adam'>,CrossEntropyLoss(),1,True,64,188.5623550344416,136.63402796149208,136.63403047311078,439.60265606716985,439.6026306836289,90.21833333333332,94.19,integrated_gradients,14
0.001,<class 'torch.optim.adam.Adam'>,CrossEntropyLoss(),1,True,32,186.47054,69.780464,69.78045,584.0146,584.01447,91.56833333333331,95.38,deeplift,0
0.001,<class 'torch.optim.adam.Adam'>,CrossEntropyLoss(),1,True,32,200.90897058823148,96.90337977232164,96.90337981918869,667.7890627414041,667.7890970275106,91.56833333333331,95.38,integrated_gradients,0
0.001,<class 'torch.optim.adam.Adam'>,CrossEntropyLoss(),1,True,32,207.76993,269.02838,269.02832,439.0852,439.08517,90.92333333333332,95.32,deeplift,1
0.001,<class 'torch.optim.adam.Adam'>,CrossEntropyLoss(),1,True,32,155.62990307057714,253.65217208570309,253.65217979727672,459.4429786754812,459.44296862784734,90.925,95.32,integrated_gradients,1
0.001,<class 'torch.optim.adam.Adam'>,CrossEntropyLoss(),1,True,32,137.93665,163.32901,163.32903,340.9653,340.9653,91.04166666666669,95.22,deeplift,2
0.001,<class 'torch.optim.adam.Adam'>,CrossEntropyLoss(),1,True,32,173.90163286212524,194.2254136911624,194.2254141901585,414.9263727783038,414.92636462344535,91.03833333333333,95.15,integrated_gradients,2
0.001,<class 'torch.optim.adam.Adam'>,CrossEntropyLoss(),1,True,32,199.8227,158.94334,158.94334,212.4134,212.41335,91.565,95.11,deeplift,3
0.001,<class 'torch.optim.adam.Adam'>,CrossEntropyLoss(),1,True,32,237.83708684753344,232.4756789884728,232.47566726124896,301.9919928004714,301.9919946697787,91.565,95.11,integrated_gradients,3
0.001,<class 'torch.optim.adam.Adam'>,CrossEntropyLoss(),1,True,32,191.71758,375.37653,375.37653,231.52823,231.52821,90.91,94.74,deeplift,4
0.001,<class 'torch.optim.adam.Adam'>,CrossEntropyLoss(),1,True,32,225.00505540410035,471.6984763293871,471.6984708663435,291.83547929717764,291.8354874351524,90.91,94.74,integrated_gradients,4
0.001,<class 'torch.optim.adam.Adam'>,CrossEntropyLoss(),1,True,32,222.83325,432.14944,432.14944,60.418568,60.41856,89.64833333333333,93.54,deeplift,5
0.001,<class 'torch.optim.adam.Adam'>,CrossEntropyLoss(),1,True,32,262.5235424499632,507.31582656519925,507.31580590265196,75.80624009261166,75.80624653124806,89.66333333333333,93.62,integrated_gradients,5
0.001,<class 'torch.optim.adam.Adam'>,CrossEntropyLoss(),1,True,32,270.7896,149.79877,149.7988,207.95554,207.95549,90.83,93.91,deeplift,6
0.001,<class 'torch.optim.adam.Adam'>,CrossEntropyLoss(),1,True,32,326.37069808099193,196.80929584514467,196.80929069873656,273.52576867075146,273.52576553621435,90.83,93.91,integrated_gradients,6
0.001,<class 'torch.optim.adam.Adam'>,CrossEntropyLoss(),1,True,32,150.78064,351.5045,351.50446,108.34757,108.34761,90.83166666666666,95.39,deeplift,7
0.001,<class 'torch.optim.adam.Adam'>,CrossEntropyLoss(),1,True,32,225.0906850367948,471.87586824790367,471.87587229433996,154.95910140727523,154.95911239932272,90.83166666666666,95.39,integrated_gradients,7
0.001,<class 'torch.optim.adam.Adam'>,CrossEntropyLoss(),1,True,32,186.90042,101.627426,101.6274,307.19992,307.19995,90.69833333333334,94.9,deeplift,8
0.001,<class 'torch.optim.adam.Adam'>,CrossEntropyLoss(),1,True,32,239.7951694977705,139.31779681422856,139.317789164071,394.20289744617446,394.2028741182869,90.69833333333334,94.9,integrated_gradients,8
0.001,<class 'torch.optim.adam.Adam'>,CrossEntropyLoss(),1,True,32,330.2461,407.43478,407.43478,177.46274,177.46272,91.65166666666667,95.97,deeplift,9
0.001,<class 'torch.optim.adam.Adam'>,CrossEntropyLoss(),1,True,32,336.3498960704205,420.2061798597635,420.2061961161836,173.4051874012182,173.40518074162853,91.65166666666667,95.97,integrated_gradients,9
0.001,<class 'torch.optim.adam.Adam'>,CrossEntropyLoss(),1,True,32,173.3567,34.05511,34.055103,568.3312,568.3311,91.78666666666666,95.39,deeplift,10
0.001,<class 'torch.optim.adam.Adam'>,CrossEntropyLoss(),1,True,32,245.51251578295347,48.18427993009506,48.184283853725276,684.633082148296,684.6330666054168,91.78666666666666,95.39,integrated_gradients,10
0.001,<class 'torch.optim.adam.Adam'>,CrossEntropyLoss(),1,True,32,235.74844,166.48013,166.4801,373.48746,373.4875,91.23333333333333,96.11,deeplift,11
0.001,<class 'torch.optim.adam.Adam'>,CrossEntropyLoss(),1,True,32,325.1803496373814,227.39385628707544,227.39385674641193,472.6350002151232,472.6350063644963,91.23333333333333,96.11,integrated_gradients,11
0.001,<class 'torch.optim.adam.Adam'>,CrossEntropyLoss(),1,True,32,58.595127,157.72137,157.72139,487.54266,487.54257,90.12,95.34,deeplift,12
0.001,<class 'torch.optim.adam.Adam'>,CrossEntropyLoss(),1,True,32,79.36754112105214,214.67904354039376,214.67904541269897,628.1507813543271,628.1507379245244,90.12,95.34,integrated_gradients,12
0.001,<class 'torch.optim.adam.Adam'>,CrossEntropyLoss(),1,True,32,205.7469,265.71042,265.71045,199.22084,199.22084,90.94666666666667,95.57,deeplift,13
0.001,<class 'torch.optim.adam.Adam'>,CrossEntropyLoss(),1,True,32,248.4924429445078,299.1485365112902,299.1485457345861,215.0981404733882,215.09814876439606,90.94666666666667,95.57,integrated_gradients,13
0.001,<class 'torch.optim.adam.Adam'>,CrossEntropyLoss(),1,True,32,133.59213,114.215515,114.21551,340.3883,340.38846,90.685,93.82,deeplift,14
0.001,<class 'torch.optim.adam.Adam'>,CrossEntropyLoss(),1,True,32,220.19702921612992,190.3790580574996,190.37906727924477,501.64750582148235,501.6475171688969,90.685,93.82,integrated_gradients,14
0.001,<class 'torch.optim.adam.Adam'>,CrossEntropyLoss(),1,True,16,385.34482,65.56705,65.56707,457.76288,457.76294,91.24,92.95,deeplift,0
0.001,<class 'torch.optim.adam.Adam'>,CrossEntropyLoss(),1,True,16,333.5052908197677,46.548853680522186,46.548852904665324,402.1391127514212,402.1390704244198,91.22,93.88,integrated_gradients,0
0.001,<class 'torch.optim.adam.Adam'>,CrossEntropyLoss(),1,True,16,209.4616,114.38316,114.38314,387.29053,387.29062,90.845,94.81,deeplift,1
0.001,<class 'torch.optim.adam.Adam'>,CrossEntropyLoss(),1,True,16,182.36692199002394,99.89028148944105,99.89028377043365,368.92977892424267,368.9297746129606,90.845,94.81,integrated_gradients,1
0.001,<class 'torch.optim.adam.Adam'>,CrossEntropyLoss(),1,True,16,277.05267,113.7872,113.787224,559.18,559.18005,91.38333333333334,95.34,deeplift,2
0.001,<class 'torch.optim.adam.Adam'>,CrossEntropyLoss(),1,True,16,239.23416844469378,89.25560711983178,89.25560331915796,538.0952285668296,538.0952657633965,91.37333333333333,95.52,integrated_gradients,2
0.001,<class 'torch.optim.adam.Adam'>,CrossEntropyLoss(),1,True,16,582.80774,216.25197,216.2519,474.10907,474.10907,91.91,95.3,deeplift,3
0.001,<class 'torch.optim.adam.Adam'>,CrossEntropyLoss(),1,True,16,502.96643228086987,103.16340717684557,103.1634089194748,320.99088132041146,320.9908865709429,91.9,95.68,integrated_gradients,3
0.001,<class 'torch.optim.adam.Adam'>,CrossEntropyLoss(),1,True,16,278.49805,344.7311,344.73114,342.27573,342.27563,90.73833333333333,93.76,deeplift,4
0.001,<class 'torch.optim.adam.Adam'>,CrossEntropyLoss(),1,True,16,212.05249777317772,249.62388048951846,249.62388083842762,262.6647607045526,262.6647568423897,90.75333333333333,94.87,integrated_gradients,4
0.001,<class 'torch.optim.adam.Adam'>,CrossEntropyLoss(),1,True,16,781.85077,1095.0874,1095.0874,144.91006,144.91003,90.54833333333333,94.16,deeplift,5
0.001,<class 'torch.optim.adam.Adam'>,CrossEntropyLoss(),1,True,16,353.6860971167169,525.8192084361323,525.8192107310638,103.93545278493151,103.93544884388486,90.59333333333333,93.49,integrated_gradients,5
0.001,<class 'torch.optim.adam.Adam'>,CrossEntropyLoss(),1,True,16,633.48663,313.70212,313.7021,369.7616,369.76163,91.49166666666666,93.61,deeplift,6
0.001,<class 'torch.optim.adam.Adam'>,CrossEntropyLoss(),1,True,16,436.62160117287067,195.6416783231773,195.6416831031336,314.4255396207037,314.4255413578934,91.46666666666667,94.01,integrated_gradients,6
0.001,<class 'torch.optim.adam.Adam'>,CrossEntropyLoss(),1,True,16,585.0418,721.9258,721.9257,117.57517,117.575165,90.95166666666667,95.0,deeplift,7
0.001,<class 'torch.optim.adam.Adam'>,CrossEntropyLoss(),1,True,16,276.2383886933148,358.28370397305554,358.28370661582255,119.32859223567412,119.32858083855753,90.94166666666666,94.11,integrated_gradients,7
0.001,<class 'torch.optim.adam.Adam'>,CrossEntropyLoss(),1,True,16,446.06433,151.56482,151.56487,539.35956,539.3595,90.86,95.2,deeplift,8
0.001,<class 'torch.optim.adam.Adam'>,CrossEntropyLoss(),1,True,16,298.7514311996576,102.51567428641644,102.51567136928277,385.5184248529125,385.51841893837707,90.87166666666667,94.59,integrated_gradients,8
0.001,<class 'torch.optim.adam.Adam'>,CrossEntropyLoss(),1,True,16,919.6246,799.9417,799.942,293.28537,293.2853,91.82166666666667,94.69,deeplift,9
0.001,<class 'torch.optim.adam.Adam'>,CrossEntropyLoss(),1,True,16,493.83961470364903,355.962981970916,355.96299654684873,205.1163315332186,205.11632746063881,91.79666666666667,95.66,integrated_gradients,9
0.001,<class 'torch.optim.adam.Adam'>,CrossEntropyLoss(),1,True,16,297.15714,23.062218,23.06222,634.28094,634.281,91.8,95.72,deeplift,10
0.001,<class 'torch.optim.adam.Adam'>,CrossEntropyLoss(),1,True,16,262.6961631412979,13.487948459983949,13.487948424011336,573.9308997306581,573.9309141060914,91.66666666666667,95.56,integrated_gradients,10
0.001,<class 'torch.optim.adam.Adam'>,CrossEntropyLoss(),1,True,16,665.07635,215.97083,215.97078,696.539,696.5388,91.57833333333333,95.56,deeplift,11
0.001,<class 'torch.optim.adam.Adam'>,CrossEntropyLoss(),1,True,16,346.5058502464369,140.25835976919538,140.25835252003833,420.031673455703,420.0316831961605,91.53666666666666,95.15,integrated_gradients,11
0.001,<class 'torch.optim.adam.Adam'>,CrossEntropyLoss(),1,True,16,389.36484,420.00424,420.0042,576.8181,576.8183,90.57166666666667,95.47,deeplift,12
0.001,<class 'torch.optim.adam.Adam'>,CrossEntropyLoss(),1,True,16,62.85356712948567,176.74070372184843,176.7406966139223,332.5624497669651,332.56245695546454,90.57,95.2,integrated_gradients,12
0.001,<class 'torch.optim.adam.Adam'>,CrossEntropyLoss(),1,True,16,302.37216,287.23248,287.23257,176.77809,176.77806,90.745,93.98,deeplift,13
0.001,<class 'torch.optim.adam.Adam'>,CrossEntropyLoss(),1,True,16,294.38298644421764,363.8885627164642,363.88855891864716,157.91807771396523,157.918068970706,90.76166666666667,93.39,integrated_gradients,13
0.001,<class 'torch.optim.adam.Adam'>,CrossEntropyLoss(),1,True,16,691.5799,160.33832,160.33827,929.724,929.7241,91.66,95.26,deeplift,14
0.001,<class 'torch.optim.adam.Adam'>,CrossEntropyLoss(),1,True,16,249.69991526950272,63.958830350713285,63.958828867407675,590.8903098130555,590.890309891879,91.66166666666666,95.28,integrated_gradients,14
0.001,<class 'torch.optim.adam.Adam'>,CrossEntropyLoss(),1,False,64,185.89578,100.433685,100.43366,470.32047,470.32047,89.94666666666667,93.9,deeplift,0
0.001,<class 'torch.optim.adam.Adam'>,CrossEntropyLoss(),1,False,64,255.58052029499777,162.7851677090762,162.78516744345464,613.5859329889267,613.5859780765284,89.925,94.22,integrated_gradients,0
0.001,<class 'torch.optim.adam.Adam'>,CrossEntropyLoss(),1,False,64,149.2023,264.54245,264.54254,490.65906,490.65906,89.27333333333333,91.86,deeplift,1
0.001,<class 'torch.optim.adam.Adam'>,CrossEntropyLoss(),1,False,64,185.14445336035172,316.6539711364402,316.65397527886876,594.3805834549654,594.3805948693182,89.28166666666667,91.57,integrated_gradients,1
0.001,<class 'torch.optim.adam.Adam'>,CrossEntropyLoss(),1,False,64,168.81844,238.89693,238.89694,369.8937,369.89386,88.91333333333333,93.35,deeplift,2
0.001,<class 'torch.optim.adam.Adam'>,CrossEntropyLoss(),1,False,64,222.70971890960337,349.1502684468055,349.1502575445558,502.73574578579803,502.73573621305115,88.94666666666667,92.92,integrated_gradients,2
0.001,<class 'torch.optim.adam.Adam'>,CrossEntropyLoss(),1,False,64,164.23083,296.12756,296.12756,246.43826,246.43826,90.34,92.02,deeplift,3
0.001,<class 'torch.optim.adam.Adam'>,CrossEntropyLoss(),1,False,64,220.96932478976402,403.8970924454806,403.8970932522901,331.29542424798433,331.2954237696451,90.34,92.02,integrated_gradients,3
0.001,<class 'torch.optim.adam.Adam'>,CrossEntropyLoss(),1,False,64,114.73796,265.3646,265.3646,202.65294,202.65295,89.69666666666667,92.36,deeplift,4
0.001,<class 'torch.optim.adam.Adam'>,CrossEntropyLoss(),1,False,64,186.28802959716117,384.820885435559,384.82087746964964,288.8302887009732,288.83030177976315,89.69666666666667,92.36,integrated_gradients,4
0.001,<class 'torch.optim.adam.Adam'>,CrossEntropyLoss(),1,False,64,221.87262,456.20828,456.20834,54.847256,54.84726,88.23666666666666,93.16,deeplift,5
0.001,<class 'torch.optim.adam.Adam'>,CrossEntropyLoss(),1,False,64,276.0392953064206,555.0845493051013,555.0845248874663,71.51634095353512,71.5163401627776,88.23333333333333,93.27,integrated_gradients,5
0.001,<class 'torch.optim.adam.Adam'>,CrossEntropyLoss(),1,False,64,239.82108,191.0829,191.08289,209.99776,209.99785,88.96833333333333,93.63,deeplift,6
0.001,<class 'torch.optim.adam.Adam'>,CrossEntropyLoss(),1,False,64,324.3153544767756,263.4517238531411,263.45172494909224,277.53940632326794,277.53940730784433,88.96833333333333,93.63,integrated_gradients,6
0.001,<class 'torch.optim.adam.Adam'>,CrossEntropyLoss(),1,False,64,170.80508,369.72803,369.72806,34.13817,34.138187,89.65,93.6,deeplift,7
0.001,<class 'torch.optim.adam.Adam'>,CrossEntropyLoss(),1,False,64,234.17560822151978,468.8276869994212,468.8277052276498,145.33408384814936,145.3340882002317,89.55,92.99,integrated_gradients,7
0.001,<class 'torch.optim.adam.Adam'>,CrossEntropyLoss(),1,False,64,228.83797,171.56003,171.55997,331.2934,331.29346,88.78166666666667,93.98,deeplift,8
0.001,<class 'torch.optim.adam.Adam'>,CrossEntropyLoss(),1,False,64,310.2647240703372,239.519760366287,239.51976168109482,429.47037163122474,429.4703540106649,88.78166666666667,93.98,integrated_gradients,8
0.001,<class 'torch.optim.adam.Adam'>,CrossEntropyLoss(),1,False,64,200.34486,378.96,378.96005,112.76172,112.76172,90.38166666666666,94.35,deeplift,9
0.001,<class 'torch.optim.adam.Adam'>,CrossEntropyLoss(),1,False,64,314.66711892507203,560.4273564792734,560.4273568642345,167.30203316457656,167.3020227834054,90.38166666666666,94.35,integrated_gradients,9
0.001,<class 'torch.optim.adam.Adam'>,CrossEntropyLoss(),1,False,64,151.43074,48.020935,48.02093,512.3513,512.3513,90.11666666666666,93.58,deeplift,10
0.001,<class 'torch.optim.adam.Adam'>,CrossEntropyLoss(),1,False,64,201.75849290409076,65.24998317968893,65.24998039851938,634.164407328515,634.1644122246161,90.11666666666666,93.58,integrated_gradients,10
0.001,<class 'torch.optim.adam.Adam'>,CrossEntropyLoss(),1,False,64,194.61673,152.77538,152.77536,264.48053,264.4805,89.43666666666667,94.72,deeplift,11
0.001,<class 'torch.optim.adam.Adam'>,CrossEntropyLoss(),1,False,64,252.57457350720756,213.40105894935365,213.40107024700697,342.12440656142354,342.12441084414,89.43666666666667,94.72,integrated_gradients,11
0.001,<class 'torch.optim.adam.Adam'>,CrossEntropyLoss(),1,False,64,106.799355,183.6186,183.61859,327.059,327.05896,87.36833333333334,92.9,deeplift,12
0.001,<class 'torch.optim.adam.Adam'>,CrossEntropyLoss(),1,False,64,129.44114708319515,233.7001336399556,233.70012342383362,408.68658205068164,408.68658394812934,87.36833333333334,92.9,integrated_gradients,12
0.001,<class 'torch.optim.adam.Adam'>,CrossEntropyLoss(),1,False,64,169.23042,337.7647,337.76483,248.22432,248.22429,89.65166666666667,93.22,deeplift,13
0.001,<class 'torch.optim.adam.Adam'>,CrossEntropyLoss(),1,False,64,229.22134391000216,428.2358509920339,428.23583292881386,304.23304379349224,304.2330499334929,89.65166666666667,93.22,integrated_gradients,13
0.001,<class 'torch.optim.adam.Adam'>,CrossEntropyLoss(),1,False,64,183.35193,129.2246,129.22462,428.15573,428.15564,89.89,91.43,deeplift,14
0.001,<class 'torch.optim.adam.Adam'>,CrossEntropyLoss(),1,False,64,230.2112111296374,158.85454222909735,158.85454679798679,507.0892035711917,507.0891981791505,89.89,91.43,integrated_gradients,14
0.001,<class 'torch.optim.adam.Adam'>,CrossEntropyLoss(),1,False,32,263.08704,88.69444,88.69441,488.76422,488.76443,90.61333333333333,91.92,deeplift,0
0.001,<class 'torch.optim.adam.Adam'>,CrossEntropyLoss(),1,False,32,291.3863683581932,105.6990006540928,105.69900193780136,549.9545256764823,549.9545538408552,90.61333333333333,91.92,integrated_gradients,0
0.001,<class 'torch.optim.adam.Adam'>,CrossEntropyLoss(),1,False,32,141.22519,212.14238,212.1424,428.00995,428.00995,90.61666666666666,94.17,deeplift,1
0.001,<class 'torch.optim.adam.Adam'>,CrossEntropyLoss(),1,False,32,155.53128090406045,249.1787817211662,249.17878759435368,503.15905067302094,503.15902008945454,90.61666666666666,94.17,integrated_gradients,1
0.001,<class 'torch.optim.adam.Adam'>,CrossEntropyLoss(),1,False,32,116.90546,122.66877,122.66879,405.42267,405.4226,90.67833333333333,92.78,deeplift,2
0.001,<class 'torch.optim.adam.Adam'>,CrossEntropyLoss(),1,False,32,143.96148533184962,155.87716612863437,155.87716317272182,474.64323762327257,474.64324840415355,90.67833333333333,92.78,integrated_gradients,2
0.001,<class 'torch.optim.adam.Adam'>,CrossEntropyLoss(),1,False,32,237.44649,293.81253,293.81256,260.80875,260.80875,91.26166666666667,93.73,deeplift,3
0.001,<class 'torch.optim.adam.Adam'>,CrossEntropyLoss(),1,False,32,220.227693300998,276.9209657190687,276.9209607340211,348.25883735806,348.25883742394933,91.44,92.11,integrated_gradients,3
0.001,<class 'torch.optim.adam.Adam'>,CrossEntropyLoss(),1,False,32,156.32869,342.91516,342.91498,282.11597,282.11597,90.99833333333333,93.98,deeplift,4
0.001,<class 'torch.optim.adam.Adam'>,CrossEntropyLoss(),1,False,32,210.91203056565803,436.2191700204484,436.2191731451243,344.59771236155336,344.5977270103666,90.99833333333333,93.98,integrated_gradients,4
0.001,<class 'torch.optim.adam.Adam'>,CrossEntropyLoss(),1,False,32,236.87311,589.77356,589.7737,55.402927,55.402924,89.91166666666666,93.33,deeplift,5
0.001,<class 'torch.optim.adam.Adam'>,CrossEntropyLoss(),1,False,32,259.99861890026085,629.5312934312522,629.5312757844093,60.471812289631096,60.47181682359089,89.91166666666666,93.33,integrated_gradients,5
0.001,<class 'torch.optim.adam.Adam'>,CrossEntropyLoss(),1,False,32,297.60193,218.44142,218.44142,294.24945,294.24948,90.92333333333333,92.96,deeplift,6
0.001,<class 'torch.optim.adam.Adam'>,CrossEntropyLoss(),1,False,32,368.00598107876186,280.7593419142149,280.75933891837917,375.0539428192332,375.0539517600978,90.92333333333333,92.96,integrated_gradients,6
0.001,<class 'torch.optim.adam.Adam'>,CrossEntropyLoss(),1,False,32,192.79987,513.8076,513.8078,217.57085,217.57085,91.06,94.97,deeplift,7
0.001,<class 'torch.optim.adam.Adam'>,CrossEntropyLoss(),1,False,32,193.02813054408517,525.2380382705911,525.2380155256418,230.10668334592748,230.10667313284816,91.06,94.97,integrated_gradients,7
0.001,<class 'torch.optim.adam.Adam'>,CrossEntropyLoss(),1,False,32,288.3965,210.75583,210.75584,450.6166,450.6166,90.21,93.17,deeplift,8
0.001,<class 'torch.optim.adam.Adam'>,CrossEntropyLoss(),1,False,32,270.98221088041214,215.60081706601648,215.60081548331837,455.2589639419432,455.25894259165824,90.13,93.08,integrated_gradients,8
0.001,<class 'torch.optim.adam.Adam'>,CrossEntropyLoss(),1,False,32,249.73761,415.64627,415.64624,131.38617,131.38618,91.37333333333333,91.67,deeplift,9
0.001,<class 'torch.optim.adam.Adam'>,CrossEntropyLoss(),1,False,32,288.0121895450608,446.51780794586625,446.5178229645582,153.6201070297208,153.6201049662212,91.37333333333333,91.67,integrated_gradients,9
0.001,<class 'torch.optim.adam.Adam'>,CrossEntropyLoss(),1,False,32,152.60184,18.260527,18.260527,504.0785,504.07852,91.68833333333333,94.27,deeplift,10
0.001,<class 'torch.optim.adam.Adam'>,CrossEntropyLoss(),1,False,32,197.24145952540286,23.562041140494504,23.562044201144513,557.8602457458519,557.8602123761939,91.68833333333333,94.27,integrated_gradients,10
0.001,<class 'torch.optim.adam.Adam'>,CrossEntropyLoss(),1,False,32,211.1942,156.4224,156.42242,358.969,358.96893,90.685,91.82,deeplift,11
0.001,<class 'torch.optim.adam.Adam'>,CrossEntropyLoss(),1,False,32,264.8439074666473,204.405319785498,204.40532846022168,431.98292121328785,431.9829250969983,90.685,91.82,integrated_gradients,11
0.001,<class 'torch.optim.adam.Adam'>,CrossEntropyLoss(),1,False,32,125.115364,187.39703,187.397,488.08676,488.0868,88.79166666666667,90.3,deeplift,12
0.001,<class 'torch.optim.adam.Adam'>,CrossEntropyLoss(),1,False,32,113.26014425587996,216.447537944113,216.44753874647023,539.9380781405373,539.9380630548117,88.79166666666667,90.3,integrated_gradients,12
0.001,<class 'torch.optim.adam.Adam'>,CrossEntropyLoss(),1,False,32,226.63486,242.57101,242.57103,240.63771,240.63777,90.56333333333333,92.67,deeplift,13
0.001,<class 'torch.optim.adam.Adam'>,CrossEntropyLoss(),1,False,32,266.4725570310808,364.44624081109447,364.4462577263409,286.50053311487807,286.50054861907466,90.6,93.6,integrated_gradients,13
0.001,<class 'torch.optim.adam.Adam'>,CrossEntropyLoss(),1,False,32,209.93883,89.52098,89.52096,437.67548,437.67545,90.74166666666666,93.44,deeplift,14
0.001,<class 'torch.optim.adam.Adam'>,CrossEntropyLoss(),1,False,32,227.19754694424094,97.88316517289542,97.88317351717093,448.89346913895,448.8934573579895,90.74166666666666,93.44,integrated_gradients,14
0.001,<class 'torch.optim.adam.Adam'>,CrossEntropyLoss(),1,False,16,527.94794,110.3697,110.36969,620.54736,620.5474,91.28833333333333,91.92,deeplift,0
0.001,<class 'torch.optim.adam.Adam'>,CrossEntropyLoss(),1,False,16,268.4792872408561,61.13830721120241,61.138309196621286,457.0847081834671,457.0847408066589,91.28833333333333,91.92,integrated_gradients,0
0.001,<class 'torch.optim.adam.Adam'>,CrossEntropyLoss(),1,False,16,231.30696,76.56962,76.56961,307.37256,307.37253,90.90166666666667,92.54,deeplift,1
0.001,<class 'torch.optim.adam.Adam'>,CrossEntropyLoss(),1,False,16,181.54089763509282,62.30271944935988,62.302722627045334,342.00942901216183,342.00942434561813,90.91,91.71,integrated_gradients,1
0.001,<class 'torch.optim.adam.Adam'>,CrossEntropyLoss(),1,False,16,311.76123,242.49771,242.4978,575.2027,575.20264,91.175,92.12,deeplift,2
0.001,<class 'torch.optim.adam.Adam'>,CrossEntropyLoss(),1,False,16,223.41947959170764,76.96557092676798,76.96556662812667,527.7506813824996,527.7507028653848,91.13333333333334,90.76,integrated_gradients,2
0.001,<class 'torch.optim.adam.Adam'>,CrossEntropyLoss(),1,False,16,428.49207,255.98555,255.98555,387.88177,387.88177,91.61666666666666,94.35,deeplift,3
0.001,<class 'torch.optim.adam.Adam'>,CrossEntropyLoss(),1,False,16,308.6262777380987,157.29680455238744,157.29680147531556,335.09383441989667,335.09385445987846,91.58166666666666,94.01,integrated_gradients,3
0.001,<class 'torch.optim.adam.Adam'>,CrossEntropyLoss(),1,False,16,303.3633,443.31396,443.3139,215.47356,215.47356,90.51333333333334,93.74,deeplift,4
0.001,<class 'torch.optim.adam.Adam'>,CrossEntropyLoss(),1,False,16,199.38345042604428,280.15339153831155,280.15339402646,163.46904672635048,163.46904615580155,90.51333333333334,93.74,integrated_gradients,4
0.001,<class 'torch.optim.adam.Adam'>,CrossEntropyLoss(),1,False,16,492.41272,989.561,989.5609,114.511345,114.51133,89.98333333333333,90.92,deeplift,5
0.001,<class 'torch.optim.adam.Adam'>,CrossEntropyLoss(),1,False,16,200.70481023636756,533.0900014339211,533.0900033416239,92.33590675364337,92.33589843888011,90.03166666666667,91.65,integrated_gradients,5
0.001,<class 'torch.optim.adam.Adam'>,CrossEntropyLoss(),1,False,16,867.2149,308.22742,308.22726,374.68668,374.68668,91.62166666666667,93.24,deeplift,6
0.001,<class 'torch.optim.adam.Adam'>,CrossEntropyLoss(),1,False,16,524.2567692626782,167.88194497182883,167.8819376691347,333.04187378759724,333.0418664405267,91.44,94.21,integrated_gradients,6
0.001,<class 'torch.optim.adam.Adam'>,CrossEntropyLoss(),1,False,16,1316.5625,1454.3894,1454.3898,360.52197,360.5219,91.32,91.47,deeplift,7
0.001,<class 'torch.optim.adam.Adam'>,CrossEntropyLoss(),1,False,16,256.4739820457771,530.1600309038125,530.1600371779281,109.87752508696757,109.87752121192118,91.29,93.06,integrated_gradients,7
0.001,<class 'torch.optim.adam.Adam'>,CrossEntropyLoss(),1,False,16,582.06396,149.58311,149.5831,489.712,489.712,90.82,89.58,deeplift,8
0.001,<class 'torch.optim.adam.Adam'>,CrossEntropyLoss(),1,False,16,311.3455010298023,87.9975821698787,87.9975840222201,327.967512415249,327.9675296560355,90.92833333333333,87.93,integrated_gradients,8
0.001,<class 'torch.optim.adam.Adam'>,CrossEntropyLoss(),1,False,16,732.4863,485.2651,485.2651,200.82883,200.82881,91.54333333333334,92.4,deeplift,9
0.001,<class 'torch.optim.adam.Adam'>,CrossEntropyLoss(),1,False,16,404.87401358241857,209.2233991377255,209.22340691619203,148.1851233574599,148.1851260500962,91.54333333333334,92.48,integrated_gradients,9
0.001,<class 'torch.optim.adam.Adam'>,CrossEntropyLoss(),1,False,16,384.61575,44.10868,44.10869,787.5398,787.53973,92.00333333333333,93.89,deeplift,10
0.001,<class 'torch.optim.adam.Adam'>,CrossEntropyLoss(),1,False,16,253.91336822151797,12.387063467111487,12.387059242625746,456.64762285283007,456.6476050073554,92.04333333333334,93.15,integrated_gradients,10
0.001,<class 'torch.optim.adam.Adam'>,CrossEntropyLoss(),1,False,16,561.18304,188.60736,188.60736,505.9025,505.9025,91.46,93.43,deeplift,11
0.001,<class 'torch.optim.adam.Adam'>,CrossEntropyLoss(),1,False,16,353.1643174913531,114.4715171342878,114.4715152886514,410.3348712022324,410.3348884519532,91.435,92.44,integrated_gradients,11
0.001,<class 'torch.optim.adam.Adam'>,CrossEntropyLoss(),1,False,16,506.12543,341.42242,341.42258,916.6013,916.60156,89.925,91.02,deeplift,12
0.001,<class 'torch.optim.adam.Adam'>,CrossEntropyLoss(),1,False,16,72.6628151270589,81.6172742744111,81.61727340125113,355.88609288891394,355.8861096669992,89.925,91.02,integrated_gradients,12
0.001,<class 'torch.optim.adam.Adam'>,CrossEntropyLoss(),1,False,16,583.6502,509.01135,509.01147,352.48123,352.4813,90.95333333333333,91.12,deeplift,13
0.001,<class 'torch.optim.adam.Adam'>,CrossEntropyLoss(),1,False,16,390.7527614785795,348.24869907392804,348.2486813558749,365.84497584386435,365.84497553247076,90.93166666666667,90.21,integrated_gradients,13
0.001,<class 'torch.optim.adam.Adam'>,CrossEntropyLoss(),1,False,16,411.95602,93.69028,93.69026,597.44916,597.44885,91.44,93.41,deeplift,14
0.001,<class 'torch.optim.adam.Adam'>,CrossEntropyLoss(),1,False,16,224.40828432694718,85.7260455139918,85.72604546318715,424.7493734074306,424.74935471422435,91.44666666666667,93.12,integrated_gradients,14
0.0007,<class 'torch.optim.adam.Adam'>,CrossEntropyLoss(),1,True,64,145.32784,71.32421,71.32422,458.11972,458.11972,91.515,95.76,deeplift,0
0.0007,<class 'torch.optim.adam.Adam'>,CrossEntropyLoss(),1,True,64,217.35312864233742,105.92202072970318,105.92201486974263,594.3623610651206,594.3623618597783,91.515,95.76,integrated_gradients,0
0.0007,<class 'torch.optim.adam.Adam'>,CrossEntropyLoss(),1,True,64,100.15234,174.17763,174.17761,309.80472,309.80478,90.58666666666667,94.39,deeplift,1
0.0007,<class 'torch.optim.adam.Adam'>,CrossEntropyLoss(),1,True,64,111.33947280357665,219.62956902585947,219.6295709596001,345.42125763853073,345.42126113037034,90.58666666666667,94.39,integrated_gradients,1
0.0007,<class 'torch.optim.adam.Adam'>,CrossEntropyLoss(),1,True,64,114.54801,156.14293,156.14294,308.41602,308.41605,90.33166666666666,95.89,deeplift,2
0.0007,<class 'torch.optim.adam.Adam'>,CrossEntropyLoss(),1,True,64,138.26280555928014,197.28045577036121,197.2804615658333,378.4479145651387,378.44792233684956,90.33166666666666,95.89,integrated_gradients,2
0.0007,<class 'torch.optim.adam.Adam'>,CrossEntropyLoss(),1,True,64,118.10136,304.997,304.99707,189.21889,189.21889,90.63666666666667,95.43,deeplift,3
0.0007,<class 'torch.optim.adam.Adam'>,CrossEntropyLoss(),1,True,64,167.90547159724042,408.37613296324986,408.3761068753774,251.77721974171925,251.77722708199843,90.63666666666667,95.43,integrated_gradients,3
0.0007,<class 'torch.optim.adam.Adam'>,CrossEntropyLoss(),1,True,64,133.99272,275.30054,275.30057,188.32268,188.32268,90.13333333333334,94.28,deeplift,4
0.0007,<class 'torch.optim.adam.Adam'>,CrossEntropyLoss(),1,True,64,155.96707796919108,315.8687203855445,315.8687290518994,195.93149312869537,195.93148710799997,90.13333333333334,94.28,integrated_gradients,4
0.0007,<class 'torch.optim.adam.Adam'>,CrossEntropyLoss(),1,True,64,195.6589,344.9866,344.98663,67.64688,67.64688,88.60166666666667,93.27,deeplift,5
0.0007,<class 'torch.optim.adam.Adam'>,CrossEntropyLoss(),1,True,64,243.067459215594,419.47622457338605,419.4762310876868,81.83212485421042,81.83212039153808,88.60166666666667,93.27,integrated_gradients,5
0.0007,<class 'torch.optim.adam.Adam'>,CrossEntropyLoss(),1,True,64,174.07411,162.8422,162.84218,205.99017,205.99016,89.42666666666666,94.56,deeplift,6
0.0007,<class 'torch.optim.adam.Adam'>,CrossEntropyLoss(),1,True,64,218.87698488826058,203.5975593695281,203.59755879878384,248.50369691240965,248.503692165568,89.41333333333333,94.65,integrated_gradients,6
0.0007,<class 'torch.optim.adam.Adam'>,CrossEntropyLoss(),1,True,64,174.66585,338.8592,338.85907,132.32695,132.32692,90.375,94.79,deeplift,7
0.0007,<class 'torch.optim.adam.Adam'>,CrossEntropyLoss(),1,True,64,210.7216386818912,391.87386330591505,391.8738594996299,154.3766754818128,154.37666587742316,90.375,94.79,integrated_gradients,7
0.0007,<class 'torch.optim.adam.Adam'>,CrossEntropyLoss(),1,True,64,147.34953,86.5894,86.58938,266.79312,266.79306,89.495,94.44,deeplift,8
0.0007,<class 'torch.optim.adam.Adam'>,CrossEntropyLoss(),1,True,64,200.63483721437933,119.78358620084326,119.7835834542719,354.0670734827353,354.06706931109153,89.495,94.44,integrated_gradients,8
0.0007,<class 'torch.optim.adam.Adam'>,CrossEntropyLoss(),1,True,64,174.49373,346.3927,346.39282,132.45975,132.45975,90.705,95.7,deeplift,9
0.0007,<class 'torch.optim.adam.Adam'>,CrossEntropyLoss(),1,True,64,249.38656716918777,456.9957630343221,456.995754387906,179.6875782160999,179.6875775290376,90.705,95.7,integrated_gradients,9
0.0007,<class 'torch.optim.adam.Adam'>,CrossEntropyLoss(),1,True,64,116.09312,32.786003,32.786,489.78937,489.78937,90.15833333333333,95.1,deeplift,10
0.0007,<class 'torch.optim.adam.Adam'>,CrossEntropyLoss(),1,True,64,147.3851053814884,43.224265342915,43.22426026491625,565.1896188250555,565.189576635214,90.15833333333333,95.1,integrated_gradients,10
0.0007,<class 'torch.optim.adam.Adam'>,CrossEntropyLoss(),1,True,64,175.52579,145.97064,145.97063,331.53632,331.53638,90.41,95.25,deeplift,11
0.0007,<class 'torch.optim.adam.Adam'>,CrossEntropyLoss(),1,True,64,222.58745815995195,191.24789919499224,191.24790239617178,405.2688522796232,405.2688473987398,90.41,95.25,integrated_gradients,11
0.0007,<class 'torch.optim.adam.Adam'>,CrossEntropyLoss(),1,True,64,103.530075,109.96615,109.96615,319.15228,319.15225,88.69,94.92,deeplift,12
0.0007,<class 'torch.optim.adam.Adam'>,CrossEntropyLoss(),1,True,64,109.84634514389818,135.36962146214927,135.36961605144006,361.2673345118385,361.26732649504885,88.69,94.92,integrated_gradients,12
0.0007,<class 'torch.optim.adam.Adam'>,CrossEntropyLoss(),1,True,64,147.73428,347.09402,347.09396,297.87888,297.87885,90.18166666666667,94.86,deeplift,13
0.0007,<class 'torch.optim.adam.Adam'>,CrossEntropyLoss(),1,True,64,173.53963865244296,411.87082867054,411.8708271951639,348.8076902366316,348.8077035814832,90.18166666666667,94.86,integrated_gradients,13
0.0007,<class 'torch.optim.adam.Adam'>,CrossEntropyLoss(),1,True,64,116.46706,103.825584,103.825615,374.38776,374.38776,90.815,94.75,deeplift,14
0.0007,<class 'torch.optim.adam.Adam'>,CrossEntropyLoss(),1,True,64,188.1310718572311,146.24922146977713,146.2492194871222,489.40719141788674,489.4071832315908,90.815,94.75,integrated_gradients,14
0.0007,<class 'torch.optim.adam.Adam'>,CrossEntropyLoss(),1,True,32,147.34465,74.014366,74.014366,531.1568,531.1569,91.87333333333333,95.6,deeplift,0
0.0007,<class 'torch.optim.adam.Adam'>,CrossEntropyLoss(),1,True,32,187.19898419605195,96.28764414278974,96.28764163940437,619.3513408278922,619.351310218882,91.87333333333333,95.6,integrated_gradients,0
0.0007,<class 'torch.optim.adam.Adam'>,CrossEntropyLoss(),1,True,32,101.225395,189.92737,189.92737,378.20538,378.20535,91.37666666666667,95.28,deeplift,1
0.0007,<class 'torch.optim.adam.Adam'>,CrossEntropyLoss(),1,True,32,126.776059096055,254.0531331735938,254.05314174588716,463.81356822457894,463.81357635171963,91.37666666666667,95.28,integrated_gradients,1
0.0007,<class 'torch.optim.adam.Adam'>,CrossEntropyLoss(),1,True,32,142.67014,169.58664,169.58662,365.9243,365.92426,91.02333333333333,94.41,deeplift,2
0.0007,<class 'torch.optim.adam.Adam'>,CrossEntropyLoss(),1,True,32,142.01883735047898,185.80394174647674,185.8039434279412,420.42317476039415,420.42316707188155,90.93,95.29,integrated_gradients,2
0.0007,<class 'torch.optim.adam.Adam'>,CrossEntropyLoss(),1,True,32,132.87253,217.80785,217.80783,235.72299,235.723,91.59,95.0,deeplift,3
0.0007,<class 'torch.optim.adam.Adam'>,CrossEntropyLoss(),1,True,32,175.87775381995104,321.0667724405706,321.0667802587872,311.723861135817,311.7238689714801,91.59,95.0,integrated_gradients,3
0.0007,<class 'torch.optim.adam.Adam'>,CrossEntropyLoss(),1,True,32,150.96303,397.7165,397.71658,257.6351,257.63504,91.46666666666667,95.35,deeplift,4
0.0007,<class 'torch.optim.adam.Adam'>,CrossEntropyLoss(),1,True,32,188.30498030098923,510.2299450835204,510.2299394812328,345.7412554349735,345.7412545799151,91.48166666666667,94.9,integrated_gradients,4
0.0007,<class 'torch.optim.adam.Adam'>,CrossEntropyLoss(),1,True,32,247.46515,567.5092,567.50934,75.733536,75.73353,89.92,94.88,deeplift,5
0.0007,<class 'torch.optim.adam.Adam'>,CrossEntropyLoss(),1,True,32,305.8418777615637,687.0803816395646,687.0803820809693,95.3174816609703,95.31747668064015,89.92,94.88,integrated_gradients,5
0.0007,<class 'torch.optim.adam.Adam'>,CrossEntropyLoss(),1,True,32,176.75949,149.23463,149.23468,206.67677,206.67671,91.44166666666666,95.03,deeplift,6
0.0007,<class 'torch.optim.adam.Adam'>,CrossEntropyLoss(),1,True,32,282.77178183061903,237.33874155169028,237.3387495277684,311.11905161045263,311.11904996009275,91.44166666666666,95.03,integrated_gradients,6
0.0007,<class 'torch.optim.adam.Adam'>,CrossEntropyLoss(),1,True,32,121.06979,282.00833,282.00842,107.89039,107.89039,91.125,95.1,deeplift,7
0.0007,<class 'torch.optim.adam.Adam'>,CrossEntropyLoss(),1,True,32,189.30599112344507,450.41187736116785,450.41188426186744,168.03081760853766,168.03079887155917,91.125,95.1,integrated_gradients,7
0.0007,<class 'torch.optim.adam.Adam'>,CrossEntropyLoss(),1,True,32,230.01427,126.936615,126.93664,426.9985,426.99847,91.115,94.54,deeplift,8
0.0007,<class 'torch.optim.adam.Adam'>,CrossEntropyLoss(),1,True,32,225.9514511142356,125.00587563940131,125.0058717171789,449.09607978720555,449.0960800665163,91.115,94.54,integrated_gradients,8
0.0007,<class 'torch.optim.adam.Adam'>,CrossEntropyLoss(),1,True,32,254.27281,422.71875,422.7188,189.36646,189.36647,91.92666666666666,95.61,deeplift,9
0.0007,<class 'torch.optim.adam.Adam'>,CrossEntropyLoss(),1,True,32,294.70461819394825,464.6832352841091,464.68321393399066,203.08369043086773,203.08368435799198,91.92666666666666,95.61,integrated_gradients,9
0.0007,<class 'torch.optim.adam.Adam'>,CrossEntropyLoss(),1,True,32,156.28967,32.01951,32.01951,595.6028,595.60284,91.89,95.47,deeplift,10
0.0007,<class 'torch.optim.adam.Adam'>,CrossEntropyLoss(),1,True,32,210.88017033842115,43.91646511563585,43.91646367253813,724.7371994794609,724.7372125997499,91.89,95.47,integrated_gradients,10
0.0007,<class 'torch.optim.adam.Adam'>,CrossEntropyLoss(),1,True,32,184.19466,121.841064,121.841095,407.77356,407.77356,91.59,95.73,deeplift,11
0.0007,<class 'torch.optim.adam.Adam'>,CrossEntropyLoss(),1,True,32,251.41824047971204,174.91691941820932,174.91691536781036,507.10631437849577,507.1063088859414,91.59,95.73,integrated_gradients,11
0.0007,<class 'torch.optim.adam.Adam'>,CrossEntropyLoss(),1,True,32,53.836704,169.93236,169.93233,489.84143,489.84152,90.46333333333334,95.28,deeplift,12
0.0007,<class 'torch.optim.adam.Adam'>,CrossEntropyLoss(),1,True,32,62.51669010788744,218.15819379659342,218.15819144322762,565.4836044420093,565.4835798461914,90.46333333333334,95.28,integrated_gradients,12
0.0007,<class 'torch.optim.adam.Adam'>,CrossEntropyLoss(),1,True,32,203.15211,317.1687,317.16873,336.44147,336.4414,91.13,95.22,deeplift,13
0.0007,<class 'torch.optim.adam.Adam'>,CrossEntropyLoss(),1,True,32,228.83424027875085,328.8543241531518,328.8543214982177,336.5769762775171,336.57695467849646,91.13,95.22,integrated_gradients,13
0.0007,<class 'torch.optim.adam.Adam'>,CrossEntropyLoss(),1,True,32,141.8987,110.29533,110.29533,419.9645,419.96448,91.53666666666666,95.38,deeplift,14
0.0007,<class 'torch.optim.adam.Adam'>,CrossEntropyLoss(),1,True,32,193.61911997802196,151.39252086747385,151.3925177690965,528.1743720803256,528.1743515955255,91.53666666666666,95.38,integrated_gradients,14
0.0007,<class 'torch.optim.adam.Adam'>,CrossEntropyLoss(),1,True,16,421.35907,79.42457,79.42458,605.52905,605.5291,91.7,93.03,deeplift,0
0.0007,<class 'torch.optim.adam.Adam'>,CrossEntropyLoss(),1,True,16,232.892703470951,55.42260549632791,55.42260753321257,523.6600041966191,523.6599992407495,91.70166666666667,93.37,integrated_gradients,0
0.0007,<class 'torch.optim.adam.Adam'>,CrossEntropyLoss(),1,True,16,189.56422,162.17897,162.17896,530.897,530.89703,91.38166666666666,95.35,deeplift,1
0.0007,<class 'torch.optim.adam.Adam'>,CrossEntropyLoss(),1,True,16,184.67479299969116,152.35473118591173,152.3547253026884,524.6682336515545,524.6682482991732,91.38166666666666,95.35,integrated_gradients,1
0.0007,<class 'torch.optim.adam.Adam'>,CrossEntropyLoss(),1,True,16,175.51282,129.33578,129.33578,465.28317,465.28308,91.47333333333333,95.27,deeplift,2
0.0007,<class 'torch.optim.adam.Adam'>,CrossEntropyLoss(),1,True,16,172.3421422358901,127.4902966750086,127.49029968751132,488.2394173657856,488.2394021809759,91.47333333333333,95.25,integrated_gradients,2
0.0007,<class 'torch.optim.adam.Adam'>,CrossEntropyLoss(),1,True,16,562.504,733.07367,733.0738,594.1464,594.1463,92.355,95.85,deeplift,3
0.0007,<class 'torch.optim.adam.Adam'>,CrossEntropyLoss(),1,True,16,284.02450379871027,252.49576608695708,252.49574479642655,404.641668909671,404.64165815767683,92.32833333333333,95.52,integrated_gradients,3
0.0007,<class 'torch.optim.adam.Adam'>,CrossEntropyLoss(),1,True,16,202.63408,323.66513,323.6652,287.32025,287.32028,91.755,95.38,deeplift,4
0.0007,<class 'torch.optim.adam.Adam'>,CrossEntropyLoss(),1,True,16,183.07276074037247,304.4959125448485,304.4959262007961,299.78813145062503,299.7881312601212,91.755,95.38,integrated_gradients,4
0.0007,<class 'torch.optim.adam.Adam'>,CrossEntropyLoss(),1,True,16,475.30893,878.661,878.66095,182.78175,182.78175,91.24333333333334,94.58,deeplift,5
0.0007,<class 'torch.optim.adam.Adam'>,CrossEntropyLoss(),1,True,16,172.98052931423956,454.8756491211496,454.875655877051,115.74359142446971,115.74360078737448,91.24333333333334,94.58,integrated_gradients,5
0.0007,<class 'torch.optim.adam.Adam'>,CrossEntropyLoss(),1,True,16,463.1202,290.25934,290.25937,452.8563,452.8563,91.79666666666667,95.62,deeplift,6
0.0007,<class 'torch.optim.adam.Adam'>,CrossEntropyLoss(),1,True,16,267.27854498303117,183.67669317008216,183.67668771570908,334.73650558726797,334.7365052491799,91.795,95.62,integrated_gradients,6
0.0007,<class 'torch.optim.adam.Adam'>,CrossEntropyLoss(),1,True,16,291.58344,472.69012,472.69016,205.7378,205.73778,91.96833333333333,95.28,deeplift,7
0.0007,<class 'torch.optim.adam.Adam'>,CrossEntropyLoss(),1,True,16,200.88749071602385,281.4199617817357,281.4199675169024,204.2763706950343,204.27637571116537,91.90833333333333,95.84,integrated_gradients,7
0.0007,<class 'torch.optim.adam.Adam'>,CrossEntropyLoss(),1,True,16,549.809,226.19487,226.19478,604.6048,604.60486,90.94666666666667,93.55,deeplift,8
0.0007,<class 'torch.optim.adam.Adam'>,CrossEntropyLoss(),1,True,16,293.94771981877955,114.06825021477513,114.06824441062592,382.12434852581015,382.12435333676933,90.94666666666667,93.55,integrated_gradients,8
0.0007,<class 'torch.optim.adam.Adam'>,CrossEntropyLoss(),1,True,16,805.2844,951.11334,951.1132,455.11832,455.1183,91.99166666666666,95.47,deeplift,9
0.0007,<class 'torch.optim.adam.Adam'>,CrossEntropyLoss(),1,True,16,321.07385579908566,411.3775240742046,411.37752635909874,202.13574282090738,202.135755148434,91.99,95.73,integrated_gradients,9
0.0007,<class 'torch.optim.adam.Adam'>,CrossEntropyLoss(),1,True,16,183.15689,11.310084,11.310086,583.59534,583.5953,92.215,95.42,deeplift,10
0.0007,<class 'torch.optim.adam.Adam'>,CrossEntropyLoss(),1,True,16,239.78924648919403,10.640380715651943,10.640384759278502,669.4380047552066,669.4380447669314,92.18,96.08,integrated_gradients,10
0.0007,<class 'torch.optim.adam.Adam'>,CrossEntropyLoss(),1,True,16,433.25568,218.54558,218.54556,640.81714,640.81696,92.08166666666666,95.76,deeplift,11
0.0007,<class 'torch.optim.adam.Adam'>,CrossEntropyLoss(),1,True,16,265.4350870582477,165.22975287217662,165.22974820791896,524.3384989678322,524.3384944406049,92.09,96.03,integrated_gradients,11
0.0007,<class 'torch.optim.adam.Adam'>,CrossEntropyLoss(),1,True,16,156.39368,198.33615,198.33618,557.1254,557.12537,91.07333333333334,95.63,deeplift,12
0.0007,<class 'torch.optim.adam.Adam'>,CrossEntropyLoss(),1,True,16,74.61227873320047,147.8588907213495,147.85888699070904,428.21369161834986,428.2136953594032,91.05,94.87,integrated_gradients,12
0.0007,<class 'torch.optim.adam.Adam'>,CrossEntropyLoss(),1,True,16,268.87747,350.81863,350.81863,340.60022,340.60025,91.17333333333333,94.89,deeplift,13
0.0007,<class 'torch.optim.adam.Adam'>,CrossEntropyLoss(),1,True,16,233.86433705336873,302.52238847726824,302.52238576740183,330.05256827700236,330.0525576803989,91.17333333333333,94.89,integrated_gradients,13
0.0007,<class 'torch.optim.adam.Adam'>,CrossEntropyLoss(),1,True,16,412.49088,113.24374,113.24374,705.92175,705.92175,92.21333333333334,95.33,deeplift,14
0.0007,<class 'torch.optim.adam.Adam'>,CrossEntropyLoss(),1,True,16,197.84623226544997,62.46510813012768,62.46510695827996,468.5269938425748,468.5270293061934,92.23,95.29,integrated_gradients,14
0.0007,<class 'torch.optim.adam.Adam'>,CrossEntropyLoss(),1,False,64,179.6144,96.148796,96.14879,478.5925,478.59247,90.11,93.88,deeplift,0
0.0007,<class 'torch.optim.adam.Adam'>,CrossEntropyLoss(),1,False,64,243.19235814727938,132.44268735631036,132.4426880358564,619.7017769367253,619.7017811955831,90.11,93.88,integrated_gradients,0
0.0007,<class 'torch.optim.adam.Adam'>,CrossEntropyLoss(),1,False,64,136.1718,235.76677,235.76674,422.69156,422.6915,89.41833333333334,93.4,deeplift,1
0.0007,<class 'torch.optim.adam.Adam'>,CrossEntropyLoss(),1,False,64,182.69480041794284,314.7720662215708,314.7720609054017,521.6932741738875,521.693248986028,89.41833333333334,93.4,integrated_gradients,1
0.0007,<class 'torch.optim.adam.Adam'>,CrossEntropyLoss(),1,False,64,135.21046,168.1812,168.18121,271.86758,271.86758,89.17666666666666,93.1,deeplift,2
0.0007,<class 'torch.optim.adam.Adam'>,CrossEntropyLoss(),1,False,64,166.20055682744706,207.48840301440683,207.48839747800474,317.2174102323287,317.21740961959483,89.13666666666667,93.51,integrated_gradients,2
0.0007,<class 'torch.optim.adam.Adam'>,CrossEntropyLoss(),1,False,64,145.171,251.5472,251.54723,230.51819,230.51822,90.50333333333333,94.51,deeplift,3
0.0007,<class 'torch.optim.adam.Adam'>,CrossEntropyLoss(),1,False,64,193.45036282918738,362.2959065772998,362.29589931865553,302.31540977568903,302.3154062823202,90.50333333333333,94.51,integrated_gradients,3
0.0007,<class 'torch.optim.adam.Adam'>,CrossEntropyLoss(),1,False,64,123.46416,298.86325,298.86328,208.52495,208.5249,90.045,94.78,deeplift,4
0.0007,<class 'torch.optim.adam.Adam'>,CrossEntropyLoss(),1,False,64,161.20474945035608,420.3926738564949,420.392658864097,302.5554999730843,302.5555050963765,90.045,94.78,integrated_gradients,4
0.0007,<class 'torch.optim.adam.Adam'>,CrossEntropyLoss(),1,False,64,202.7209,411.11945,411.11945,56.57708,56.57708,88.45666666666666,93.27,deeplift,5
0.0007,<class 'torch.optim.adam.Adam'>,CrossEntropyLoss(),1,False,64,250.87507867671562,485.2297696423635,485.22976503004435,67.02937805677225,67.02937434507122,88.45666666666666,93.27,integrated_gradients,5
0.0007,<class 'torch.optim.adam.Adam'>,CrossEntropyLoss(),1,False,64,217.00803,188.17297,188.173,231.76082,231.76082,89.22,92.94,deeplift,6
0.0007,<class 'torch.optim.adam.Adam'>,CrossEntropyLoss(),1,False,64,287.1058242795893,253.16114979603884,253.1611412387658,298.07235543971257,298.0723549337002,89.22,92.94,integrated_gradients,6
0.0007,<class 'torch.optim.adam.Adam'>,CrossEntropyLoss(),1,False,64,170.08644,378.04486,378.04486,113.70237,113.70235,89.495,94.16,deeplift,7
0.0007,<class 'torch.optim.adam.Adam'>,CrossEntropyLoss(),1,False,64,226.86886556458595,486.0194554009767,486.01946784123925,159.72212173362308,159.7221228054748,89.495,94.16,integrated_gradients,7
0.0007,<class 'torch.optim.adam.Adam'>,CrossEntropyLoss(),1,False,64,217.64378,125.90441,125.90442,268.63977,268.63986,88.995,91.32,deeplift,8
0.0007,<class 'torch.optim.adam.Adam'>,CrossEntropyLoss(),1,False,64,245.94746625734638,139.0577714671123,139.05776838138658,296.779812895089,296.77981012719806,88.995,91.32,integrated_gradients,8
0.0007,<class 'torch.optim.adam.Adam'>,CrossEntropyLoss(),1,False,64,202.35004,385.08032,385.08026,139.39388,139.39386,90.55333333333333,94.6,deeplift,9
0.0007,<class 'torch.optim.adam.Adam'>,CrossEntropyLoss(),1,False,64,283.20714835692087,516.830963345719,516.8309602931859,201.79653035177455,201.7965316929257,90.55333333333333,94.6,integrated_gradients,9
0.0007,<class 'torch.optim.adam.Adam'>,CrossEntropyLoss(),1,False,64,126.00115,41.850388,41.85038,502.2783,502.27826,90.56666666666666,92.52,deeplift,10
0.0007,<class 'torch.optim.adam.Adam'>,CrossEntropyLoss(),1,False,64,161.36506330268003,55.28519390876459,55.28519899758862,594.7426452697998,594.7425984322772,90.56666666666666,92.52,integrated_gradients,10
0.0007,<class 'torch.optim.adam.Adam'>,CrossEntropyLoss(),1,False,64,175.10204,155.58122,155.58119,277.24445,277.24442,89.44666666666667,91.7,deeplift,11
0.0007,<class 'torch.optim.adam.Adam'>,CrossEntropyLoss(),1,False,64,228.68563268213268,197.2644349556267,197.26443557138566,332.39600996097533,332.3960164334597,89.44666666666667,91.7,integrated_gradients,11
0.0007,<class 'torch.optim.adam.Adam'>,CrossEntropyLoss(),1,False,64,115.32977,172.09767,172.0977,373.9632,373.96323,88.24333333333334,92.71,deeplift,12
0.0007,<class 'torch.optim.adam.Adam'>,CrossEntropyLoss(),1,False,64,135.0011691938363,219.17510318938056,219.17511022943367,460.181765832728,460.1817981337629,88.24333333333334,92.71,integrated_gradients,12
0.0007,<class 'torch.optim.adam.Adam'>,CrossEntropyLoss(),1,False,64,186.86865,382.53943,382.53946,330.5392,330.5393,89.83333333333333,93.15,deeplift,13
0.0007,<class 'torch.optim.adam.Adam'>,CrossEntropyLoss(),1,False,64,197.67564655419065,398.2450932680633,398.24508794459337,339.17069790006383,339.1707237871736,89.83333333333333,93.15,integrated_gradients,13
0.0007,<class 'torch.optim.adam.Adam'>,CrossEntropyLoss(),1,False,64,154.70563,137.15265,137.15266,347.5601,347.56,89.94333333333333,93.5,deeplift,14
0.0007,<class 'torch.optim.adam.Adam'>,CrossEntropyLoss(),1,False,64,196.93662329102523,172.79565869210606,172.79565566937296,427.090627035784,427.0906139823327,89.94333333333333,93.5,integrated_gradients,14
0.0007,<class 'torch.optim.adam.Adam'>,CrossEntropyLoss(),1,False,32,171.96658,76.95092,76.950905,478.95062,478.95047,91.215,94.17,deeplift,0
0.0007,<class 'torch.optim.adam.Adam'>,CrossEntropyLoss(),1,False,32,244.32954781516565,102.08911791871404,102.08911955914651,615.5629441326249,615.5629622508133,91.215,93.61,integrated_gradients,0
0.0007,<class 'torch.optim.adam.Adam'>,CrossEntropyLoss(),1,False,32,128.99635,197.87253,197.87254,474.76562,474.7656,91.23166666666667,93.82,deeplift,1
0.0007,<class 'torch.optim.adam.Adam'>,CrossEntropyLoss(),1,False,32,140.88500335333515,240.1010214092325,240.10103440142342,517.7198671468059,517.71988875601,91.23166666666667,93.82,integrated_gradients,1
0.0007,<class 'torch.optim.adam.Adam'>,CrossEntropyLoss(),1,False,32,112.47694,146.09866,146.09866,344.94394,344.94388,90.36666666666666,92.3,deeplift,2
0.0007,<class 'torch.optim.adam.Adam'>,CrossEntropyLoss(),1,False,32,133.41467909865136,167.57141425169726,167.57140924105852,379.78985041535753,379.78984361667506,90.36666666666666,92.3,integrated_gradients,2
0.0007,<class 'torch.optim.adam.Adam'>,CrossEntropyLoss(),1,False,32,153.95442,192.0221,192.02213,236.87132,236.87138,91.58666666666667,93.95,deeplift,3
0.0007,<class 'torch.optim.adam.Adam'>,CrossEntropyLoss(),1,False,32,199.74324742316026,257.27801832615654,257.27799840212856,309.0117550810056,309.01176532707825,91.58666666666667,93.95,integrated_gradients,3
0.0007,<class 'torch.optim.adam.Adam'>,CrossEntropyLoss(),1,False,32,139.66983,309.188,309.18796,265.25037,265.2503,91.20333333333333,94.14,deeplift,4
0.0007,<class 'torch.optim.adam.Adam'>,CrossEntropyLoss(),1,False,32,177.48586230252786,387.01263233980796,387.0126379481711,319.4131269954245,319.4131214352024,91.20333333333333,94.14,integrated_gradients,4
0.0007,<class 'torch.optim.adam.Adam'>,CrossEntropyLoss(),1,False,32,263.04953,654.1261,654.1262,59.837193,59.837215,89.86333333333333,93.66,deeplift,5
0.0007,<class 'torch.optim.adam.Adam'>,CrossEntropyLoss(),1,False,32,236.64812579928076,633.8915653893112,633.8915524188262,62.72386565084901,62.72386547802874,89.86333333333333,93.66,integrated_gradients,5
0.0007,<class 'torch.optim.adam.Adam'>,CrossEntropyLoss(),1,False,32,270.97235,238.80525,238.80522,320.71844,320.71835,91.05,93.63,deeplift,6
0.0007,<class 'torch.optim.adam.Adam'>,CrossEntropyLoss(),1,False,32,295.82901791262907,276.62144177380367,276.62143797822546,390.34796061250836,390.3479616665608,91.05,93.63,integrated_gradients,6
0.0007,<class 'torch.optim.adam.Adam'>,CrossEntropyLoss(),1,False,32,150.02107,384.80707,384.807,160.01009,160.01012,90.84666666666666,94.51,deeplift,7
0.0007,<class 'torch.optim.adam.Adam'>,CrossEntropyLoss(),1,False,32,169.6161588692535,436.6434682821277,436.64346261057005,210.51596095925177,210.5159549596546,90.84666666666666,94.51,integrated_gradients,7
0.0007,<class 'torch.optim.adam.Adam'>,CrossEntropyLoss(),1,False,32,237.39262,188.95496,188.95497,466.03735,466.03726,90.64666666666666,92.35,deeplift,8
0.0007,<class 'torch.optim.adam.Adam'>,CrossEntropyLoss(),1,False,32,217.83445872848526,184.51321696607263,184.513222204163,502.84350646598773,502.8435087606301,90.60833333333333,94.01,integrated_gradients,8
0.0007,<class 'torch.optim.adam.Adam'>,CrossEntropyLoss(),1,False,32,208.10591,439.12686,439.12677,203.20915,203.20908,91.77333333333333,94.89,deeplift,9
0.0007,<class 'torch.optim.adam.Adam'>,CrossEntropyLoss(),1,False,32,262.47132051838526,477.11349203194607,477.1134704406709,232.02866039455768,232.0286560877367,91.77333333333333,94.89,integrated_gradients,9
0.0007,<class 'torch.optim.adam.Adam'>,CrossEntropyLoss(),1,False,32,138.32353,28.757711,28.757715,555.90106,555.90094,91.80166666666666,93.58,deeplift,10
0.0007,<class 'torch.optim.adam.Adam'>,CrossEntropyLoss(),1,False,32,173.3020632357899,36.13287008943435,36.13287019441615,617.1853473137719,617.185336157313,91.80166666666666,93.58,integrated_gradients,10
0.0007,<class 'torch.optim.adam.Adam'>,CrossEntropyLoss(),1,False,32,175.58012,146.46632,146.4663,342.70428,342.7042,91.04333333333334,94.15,deeplift,11
0.0007,<class 'torch.optim.adam.Adam'>,CrossEntropyLoss(),1,False,32,233.8096703372021,192.49793365546788,192.49793507000442,426.9406784979691,426.94067688633925,91.04333333333334,94.15,integrated_gradients,11
0.0007,<class 'torch.optim.adam.Adam'>,CrossEntropyLoss(),1,False,32,108.477776,167.51743,167.51743,485.71295,485.71286,89.485,92.33,deeplift,12
0.0007,<class 'torch.optim.adam.Adam'>,CrossEntropyLoss(),1,False,32,107.36184645293923,198.66277208545176,198.66277868509198,577.1100229386027,577.1100091759145,89.485,92.33,integrated_gradients,12
0.0007,<class 'torch.optim.adam.Adam'>,CrossEntropyLoss(),1,False,32,184.79431,348.2024,348.20233,352.94128,352.94128,90.965,91.25,deeplift,13
0.0007,<class 'torch.optim.adam.Adam'>,CrossEntropyLoss(),1,False,32,188.1599564412922,332.7225890988938,332.7225668183228,323.9109593645899,323.91094718598254,90.98333333333333,94.19,integrated_gradients,13
0.0007,<class 'torch.optim.adam.Adam'>,CrossEntropyLoss(),1,False,32,155.60437,106.35626,106.35625,477.87213,477.87228,91.02166666666666,94.56,deeplift,14
0.0007,<class 'torch.optim.adam.Adam'>,CrossEntropyLoss(),1,False,32,159.8374039280855,120.19004322323966,120.19003960230333,508.9382242596701,508.93821365834503,91.02166666666666,94.56,integrated_gradients,14
0.0007,<class 'torch.optim.adam.Adam'>,CrossEntropyLoss(),1,False,16,525.1578,99.45887,99.45887,809.7114,809.7113,91.59333333333333,94.02,deeplift,0
0.0007,<class 'torch.optim.adam.Adam'>,CrossEntropyLoss(),1,False,16,195.73335378609016,58.36295590295668,58.362954481794084,588.9707954708774,588.9708260604563,91.59333333333333,94.02,integrated_gradients,0
0.0007,<class 'torch.optim.adam.Adam'>,CrossEntropyLoss(),1,False,16,273.38257,205.64851,205.64845,642.4356,642.4356,91.72333333333333,93.82,deeplift,1
0.0007,<class 'torch.optim.adam.Adam'>,CrossEntropyLoss(),1,False,16,163.40896556599319,125.44252185078298,125.44252390992717,525.342223904832,525.3422217661849,91.72333333333333,93.82,integrated_gradients,1
0.0007,<class 'torch.optim.adam.Adam'>,CrossEntropyLoss(),1,False,16,222.24773,220.93054,220.93054,586.3332,586.3333,91.48833333333333,91.99,deeplift,2
0.0007,<class 'torch.optim.adam.Adam'>,CrossEntropyLoss(),1,False,16,153.46161921339032,99.68624492031063,99.68624396829843,499.21115170183725,499.2111322206639,91.48833333333333,91.99,integrated_gradients,2
0.0007,<class 'torch.optim.adam.Adam'>,CrossEntropyLoss(),1,False,16,260.29095,217.36438,217.36441,367.60294,367.60294,92.02,93.96,deeplift,3
0.0007,<class 'torch.optim.adam.Adam'>,CrossEntropyLoss(),1,False,16,262.1894125999781,183.4665589434093,183.46656217434975,342.0297340926512,342.02972785644346,92.01833333333333,91.72,integrated_gradients,3
0.0007,<class 'torch.optim.adam.Adam'>,CrossEntropyLoss(),1,False,16,464.56906,717.13666,717.13666,377.72433,377.7244,91.34333333333333,90.22,deeplift,4
0.0007,<class 'torch.optim.adam.Adam'>,CrossEntropyLoss(),1,False,16,165.9240003965816,226.08484929211608,226.0848462144257,224.8622248528011,224.86221384456306,91.4,90.9,integrated_gradients,4
0.0007,<class 'torch.optim.adam.Adam'>,CrossEntropyLoss(),1,False,16,416.73904,924.2692,924.2692,122.89233,122.8923,91.06666666666666,93.0,deeplift,5
0.0007,<class 'torch.optim.adam.Adam'>,CrossEntropyLoss(),1,False,16,165.2081071307584,673.268917815384,673.2689297442453,85.40185687369924,85.40185380619745,91.03166666666667,92.97,integrated_gradients,5
0.0007,<class 'torch.optim.adam.Adam'>,CrossEntropyLoss(),1,False,16,607.6172,368.4136,368.41367,511.9578,511.9578,91.65666666666667,91.7,deeplift,6
0.0007,<class 'torch.optim.adam.Adam'>,CrossEntropyLoss(),1,False,16,308.93103815731797,137.8319199064717,137.83191619196077,317.6625746164958,317.6625620931753,91.65666666666667,91.7,integrated_gradients,6
0.0007,<class 'torch.optim.adam.Adam'>,CrossEntropyLoss(),1,False,16,634.6925,1051.2074,1051.2072,320.16083,320.16083,91.56166666666667,93.61,deeplift,7
0.0007,<class 'torch.optim.adam.Adam'>,CrossEntropyLoss(),1,False,16,204.6809568424207,452.76686368526475,452.7668780060317,155.33429162188804,155.33428272227374,91.53,93.31,integrated_gradients,7
0.0007,<class 'torch.optim.adam.Adam'>,CrossEntropyLoss(),1,False,16,565.37616,301.78754,301.78748,750.81915,750.819,91.475,92.71,deeplift,8
0.0007,<class 'torch.optim.adam.Adam'>,CrossEntropyLoss(),1,False,16,234.23835843106176,131.66556115914094,131.66556590243695,456.39344368041554,456.3934650829243,91.465,93.41,integrated_gradients,8
0.0007,<class 'torch.optim.adam.Adam'>,CrossEntropyLoss(),1,False,16,1043.0182,831.5142,831.51434,395.76328,395.76346,91.93666666666667,93.53,deeplift,9
0.0007,<class 'torch.optim.adam.Adam'>,CrossEntropyLoss(),1,False,16,357.18636702254213,290.44322344139334,290.4432242132685,225.59214828196912,225.59212969298446,92.035,95.04,integrated_gradients,9
0.0007,<class 'torch.optim.adam.Adam'>,CrossEntropyLoss(),1,False,16,248.5318,31.910406,31.910412,677.9798,677.97974,92.565,94.31,deeplift,10
0.0007,<class 'torch.optim.adam.Adam'>,CrossEntropyLoss(),1,False,16,177.96042623895298,15.233736197685001,15.23373383215255,558.0689854376346,558.069029736062,92.50166666666667,90.31,integrated_gradients,10
0.0007,<class 'torch.optim.adam.Adam'>,CrossEntropyLoss(),1,False,16,469.0782,246.2577,246.25763,490.82578,490.82574,91.92,91.57,deeplift,11
0.0007,<class 'torch.optim.adam.Adam'>,CrossEntropyLoss(),1,False,16,308.9137420559321,97.38755423394609,97.38756347362218,439.12854645976637,439.1285464086271,91.91,92.23,integrated_gradients,11
0.0007,<class 'torch.optim.adam.Adam'>,CrossEntropyLoss(),1,False,16,129.23871,190.04495,190.04498,521.14,521.13995,90.585,92.72,deeplift,12
0.0007,<class 'torch.optim.adam.Adam'>,CrossEntropyLoss(),1,False,16,68.2451262948723,163.4298557713636,163.42985430937844,505.62077972467347,505.62074916876077,90.585,92.72,integrated_gradients,12
0.0007,<class 'torch.optim.adam.Adam'>,CrossEntropyLoss(),1,False,16,489.6193,769.0015,769.0016,702.8081,702.8079,91.48833333333333,91.61,deeplift,13
0.0007,<class 'torch.optim.adam.Adam'>,CrossEntropyLoss(),1,False,16,230.59291094274985,228.60537873952762,228.6053811583372,386.6899974555909,386.69000950394525,91.44666666666667,94.23,integrated_gradients,13
0.0007,<class 'torch.optim.adam.Adam'>,CrossEntropyLoss(),1,False,16,288.67276,65.35746,65.35747,502.15076,502.1508,91.85333333333334,91.18,deeplift,14
0.0007,<class 'torch.optim.adam.Adam'>,CrossEntropyLoss(),1,False,16,202.24920177210458,61.16438491734602,61.164388447103,413.87340222263833,413.8734111010764,91.84166666666667,91.01,integrated_gradients,14
0.0003,<class 'torch.optim.adam.Adam'>,CrossEntropyLoss(),1,True,64,96.27462,66.32276,66.3228,375.2523,375.25226,91.42166666666667,95.92,deeplift,0
0.0003,<class 'torch.optim.adam.Adam'>,CrossEntropyLoss(),1,True,64,152.27234924324688,95.00179050236451,95.00179070405063,476.06560290981935,476.06559813357126,91.42166666666667,95.92,integrated_gradients,0
0.0003,<class 'torch.optim.adam.Adam'>,CrossEntropyLoss(),1,True,64,83.28397,174.22731,174.22731,366.5649,366.5648,90.89,94.99,deeplift,1
0.0003,<class 'torch.optim.adam.Adam'>,CrossEntropyLoss(),1,True,64,120.57180264149272,256.28009542660305,256.2800880686844,463.0599953162073,463.0599936788843,90.89,94.99,integrated_gradients,1
0.0003,<class 'torch.optim.adam.Adam'>,CrossEntropyLoss(),1,True,64,88.40002,134.97096,134.97096,356.73132,356.73123,90.07333333333334,94.92,deeplift,2
0.0003,<class 'torch.optim.adam.Adam'>,CrossEntropyLoss(),1,True,64,121.93400556862555,186.56484486800247,186.56484409587324,451.53608107788745,451.5360730059225,90.07333333333334,94.92,integrated_gradients,2
0.0003,<class 'torch.optim.adam.Adam'>,CrossEntropyLoss(),1,True,64,93.49679,235.36777,235.36778,226.78754,226.78754,90.17333333333333,94.8,deeplift,3
0.0003,<class 'torch.optim.adam.Adam'>,CrossEntropyLoss(),1,True,64,111.50886952484862,295.6914501794064,295.69145850773515,271.88955227120994,271.88954796862646,90.17333333333333,94.8,integrated_gradients,3
0.0003,<class 'torch.optim.adam.Adam'>,CrossEntropyLoss(),1,True,64,87.254684,220.18687,220.18692,215.91887,215.91882,90.915,94.03,deeplift,4
0.0003,<class 'torch.optim.adam.Adam'>,CrossEntropyLoss(),1,True,64,123.74868402286502,297.4782054957941,297.4782058915524,288.8724560733843,288.87244598226675,90.915,94.03,integrated_gradients,4
0.0003,<class 'torch.optim.adam.Adam'>,CrossEntropyLoss(),1,True,64,157.56348,315.33655,315.33664,122.85828,122.85826,88.29166666666667,93.85,deeplift,5
0.0003,<class 'torch.optim.adam.Adam'>,CrossEntropyLoss(),1,True,64,176.416380612371,353.64896538682626,353.6489632761609,133.0766814616266,133.07667720126622,88.30333333333333,93.68,integrated_gradients,5
0.0003,<class 'torch.optim.adam.Adam'>,CrossEntropyLoss(),1,True,64,142.87103,166.34233,166.34239,246.18082,246.18083,88.76833333333333,94.04,deeplift,6
0.0003,<class 'torch.optim.adam.Adam'>,CrossEntropyLoss(),1,True,64,172.8366653484871,200.73290001883007,200.7328967344803,294.54289800876626,294.54289777907087,88.76833333333333,94.04,integrated_gradients,6
0.0003,<class 'torch.optim.adam.Adam'>,CrossEntropyLoss(),1,True,64,129.10406,288.97592,288.97595,183.50525,183.50516,90.38333333333334,95.17,deeplift,7
0.0003,<class 'torch.optim.adam.Adam'>,CrossEntropyLoss(),1,True,64,179.18596030029073,390.9291404885433,390.9291495254179,246.21069054325338,246.21069352478912,90.38333333333334,95.17,integrated_gradients,7
0.0003,<class 'torch.optim.adam.Adam'>,CrossEntropyLoss(),1,True,64,120.77048,99.90823,99.90822,278.17395,278.17392,89.38666666666667,94.39,deeplift,8
0.0003,<class 'torch.optim.adam.Adam'>,CrossEntropyLoss(),1,True,64,139.3657168998305,113.00807869226382,113.00807562370464,320.5135489780257,320.5135549936479,89.38666666666667,94.39,integrated_gradients,8
0.0003,<class 'torch.optim.adam.Adam'>,CrossEntropyLoss(),1,True,64,131.62344,286.6092,286.60925,193.56908,193.56909,90.38833333333334,94.9,deeplift,9
0.0003,<class 'torch.optim.adam.Adam'>,CrossEntropyLoss(),1,True,64,183.49026206903682,386.278299526325,386.2782802488803,263.57748202814986,263.5774710617445,90.38833333333334,94.9,integrated_gradients,9
0.0003,<class 'torch.optim.adam.Adam'>,CrossEntropyLoss(),1,True,64,84.98148,27.001394,27.00139,462.22177,462.22183,89.85,94.47,deeplift,10
0.0003,<class 'torch.optim.adam.Adam'>,CrossEntropyLoss(),1,True,64,114.60159224975312,39.495864316277164,39.495867329541475,520.5698546423087,520.5698525996954,89.85,94.47,integrated_gradients,10
0.0003,<class 'torch.optim.adam.Adam'>,CrossEntropyLoss(),1,True,64,140.45941,134.55336,134.55338,285.8026,285.80255,90.49,94.65,deeplift,11
0.0003,<class 'torch.optim.adam.Adam'>,CrossEntropyLoss(),1,True,64,194.2097103399259,189.76242748054068,189.7624322013373,373.45831679984514,373.45830084112356,90.49,94.65,integrated_gradients,11
0.0003,<class 'torch.optim.adam.Adam'>,CrossEntropyLoss(),1,True,64,87.86353,102.440285,102.44026,374.7728,374.77274,88.96166666666667,94.64,deeplift,12
0.0003,<class 'torch.optim.adam.Adam'>,CrossEntropyLoss(),1,True,64,108.64058288766758,128.4712748183714,128.4712702594233,434.2589309152097,434.25893309424765,88.93166666666667,94.64,integrated_gradients,12
0.0003,<class 'torch.optim.adam.Adam'>,CrossEntropyLoss(),1,True,64,106.98994,218.42232,218.42233,364.97202,364.972,90.09,95.18,deeplift,13
0.0003,<class 'torch.optim.adam.Adam'>,CrossEntropyLoss(),1,True,64,124.46822613278867,265.30892454796685,265.3089275772914,416.49216724892864,416.4921679594868,90.09,95.18,integrated_gradients,13
0.0003,<class 'torch.optim.adam.Adam'>,CrossEntropyLoss(),1,True,64,101.77118,107.288,107.28797,370.01074,370.0107,90.39166666666667,94.99,deeplift,14
0.0003,<class 'torch.optim.adam.Adam'>,CrossEntropyLoss(),1,True,64,139.85470235569193,145.696886200266,145.6968815475358,458.87878990117684,458.8787983166525,90.39166666666667,94.99,integrated_gradients,14
0.0003,<class 'torch.optim.adam.Adam'>,CrossEntropyLoss(),1,True,32,106.43344,69.07543,69.07544,455.2708,455.27084,91.92,95.75,deeplift,0
0.0003,<class 'torch.optim.adam.Adam'>,CrossEntropyLoss(),1,True,32,148.94962813753764,94.63671970181156,94.63671852641386,534.5951512639742,534.5951251638803,91.92,95.5,integrated_gradients,0
0.0003,<class 'torch.optim.adam.Adam'>,CrossEntropyLoss(),1,True,32,74.62182,143.4434,143.4434,323.38504,323.38513,90.85833333333333,95.1,deeplift,1
0.0003,<class 'torch.optim.adam.Adam'>,CrossEntropyLoss(),1,True,32,96.83579286268585,198.88369841866475,198.88369249401535,396.3592548522335,396.35926289485406,90.85833333333333,95.1,integrated_gradients,1
0.0003,<class 'torch.optim.adam.Adam'>,CrossEntropyLoss(),1,True,32,98.51697,175.31322,175.3132,386.49316,386.49313,91.19333333333333,95.5,deeplift,2
0.0003,<class 'torch.optim.adam.Adam'>,CrossEntropyLoss(),1,True,32,117.54716110052932,217.46314065794385,217.46313719227473,463.2009455355455,463.2009380485199,91.19333333333333,95.5,integrated_gradients,2
0.0003,<class 'torch.optim.adam.Adam'>,CrossEntropyLoss(),1,True,32,90.601746,212.55626,212.55632,218.44084,218.44083,91.56833333333333,95.02,deeplift,3
0.0003,<class 'torch.optim.adam.Adam'>,CrossEntropyLoss(),1,True,32,114.19055306879706,288.2290168432716,288.2290227202885,264.81716980674014,264.8171754189246,91.56833333333333,95.02,integrated_gradients,3
0.0003,<class 'torch.optim.adam.Adam'>,CrossEntropyLoss(),1,True,32,97.188934,293.5214,293.5214,291.2676,291.2676,91.345,95.39,deeplift,4
0.0003,<class 'torch.optim.adam.Adam'>,CrossEntropyLoss(),1,True,32,133.5543695635482,386.08098105835376,386.0809924200391,376.64804647119206,376.6480560015739,91.345,95.39,integrated_gradients,4
0.0003,<class 'torch.optim.adam.Adam'>,CrossEntropyLoss(),1,True,32,133.39775,334.1298,334.1297,149.31517,149.31519,89.89,94.37,deeplift,5
0.0003,<class 'torch.optim.adam.Adam'>,CrossEntropyLoss(),1,True,32,136.6649198513963,340.7604925564059,340.76048958325254,160.48387769732918,160.48388091563712,89.89,94.37,integrated_gradients,5
0.0003,<class 'torch.optim.adam.Adam'>,CrossEntropyLoss(),1,True,32,151.38957,174.50719,174.50719,261.41943,261.4194,91.825,95.92,deeplift,6
0.0003,<class 'torch.optim.adam.Adam'>,CrossEntropyLoss(),1,True,32,230.66186232097695,262.22314108716307,262.22313774954296,368.63517072634505,368.6351612723283,91.825,95.92,integrated_gradients,6
0.0003,<class 'torch.optim.adam.Adam'>,CrossEntropyLoss(),1,True,32,107.5776,321.98407,321.98398,232.71701,232.71698,91.65333333333334,96.07,deeplift,7
0.0003,<class 'torch.optim.adam.Adam'>,CrossEntropyLoss(),1,True,32,151.44208064973586,432.90647073607477,432.90647804972133,309.67282774205785,309.6728345956817,91.65333333333334,96.07,integrated_gradients,7
0.0003,<class 'torch.optim.adam.Adam'>,CrossEntropyLoss(),1,True,32,116.67592,117.0445,117.04451,359.2771,359.277,91.185,95.5,deeplift,8
0.0003,<class 'torch.optim.adam.Adam'>,CrossEntropyLoss(),1,True,32,154.75004433617067,151.17084946075164,151.17084535968604,429.5985178872458,429.59850834926306,91.20166666666667,95.69,integrated_gradients,8
0.0003,<class 'torch.optim.adam.Adam'>,CrossEntropyLoss(),1,True,32,144.61575,336.01044,336.01044,235.00215,235.00218,91.825,96.0,deeplift,9
0.0003,<class 'torch.optim.adam.Adam'>,CrossEntropyLoss(),1,True,32,202.09692493260061,431.72659075114564,431.72658277059804,309.0138421020288,309.013830479032,91.825,96.0,integrated_gradients,9
0.0003,<class 'torch.optim.adam.Adam'>,CrossEntropyLoss(),1,True,32,102.35143,33.715218,33.715218,557.6166,557.6166,91.88333333333334,95.77,deeplift,10
0.0003,<class 'torch.optim.adam.Adam'>,CrossEntropyLoss(),1,True,32,144.33161542245318,45.992750491399754,45.992749716396396,638.3119766866704,638.3119535040063,91.88333333333334,95.77,integrated_gradients,10
0.0003,<class 'torch.optim.adam.Adam'>,CrossEntropyLoss(),1,True,32,127.17179,167.02641,167.02643,363.36752,363.3676,91.47333333333333,96.11,deeplift,11
0.0003,<class 'torch.optim.adam.Adam'>,CrossEntropyLoss(),1,True,32,178.75631798501644,231.74402091078616,231.74402991708897,465.2293082595318,465.22931992239506,91.47333333333333,96.11,integrated_gradients,11
0.0003,<class 'torch.optim.adam.Adam'>,CrossEntropyLoss(),1,True,32,49.21966,129.80011,129.80014,467.3007,467.3007,91.05666666666667,95.32,deeplift,12
0.0003,<class 'torch.optim.adam.Adam'>,CrossEntropyLoss(),1,True,32,63.58859143974436,190.34072463882686,190.34072499287973,577.8395088561625,577.8395260205479,91.05666666666667,95.32,integrated_gradients,12
0.0003,<class 'torch.optim.adam.Adam'>,CrossEntropyLoss(),1,True,32,100.59633,228.55875,228.55872,443.31894,443.31882,90.78,95.83,deeplift,13
0.0003,<class 'torch.optim.adam.Adam'>,CrossEntropyLoss(),1,True,32,114.73458552563585,259.3050501226071,259.30505469001537,479.1814882058374,479.1814992195669,90.78,95.83,integrated_gradients,13
0.0003,<class 'torch.optim.adam.Adam'>,CrossEntropyLoss(),1,True,32,96.606094,108.061035,108.06104,423.20993,423.2099,91.915,95.27,deeplift,14
0.0003,<class 'torch.optim.adam.Adam'>,CrossEntropyLoss(),1,True,32,161.60989222302067,177.0031824510457,177.00318683054272,577.4688240817853,577.4688208054218,91.915,95.27,integrated_gradients,14
0.0003,<class 'torch.optim.adam.Adam'>,CrossEntropyLoss(),1,True,16,90.62029,59.85495,59.854954,494.20844,494.2084,92.365,96.04,deeplift,0
0.0003,<class 'torch.optim.adam.Adam'>,CrossEntropyLoss(),1,True,16,139.796968376638,78.02582393862859,78.02582331604867,567.488093655162,567.4881146836243,92.365,96.04,integrated_gradients,0
0.0003,<class 'torch.optim.adam.Adam'>,CrossEntropyLoss(),1,True,16,120.06749,205.94688,205.94691,504.088,504.08807,92.25,96.32,deeplift,1
0.0003,<class 'torch.optim.adam.Adam'>,CrossEntropyLoss(),1,True,16,118.61435390807922,218.42522740956508,218.42522424254864,544.4539002112468,544.4538848461768,92.25,96.32,integrated_gradients,1
0.0003,<class 'torch.optim.adam.Adam'>,CrossEntropyLoss(),1,True,16,112.928055,150.74901,150.74895,458.39612,458.39603,92.20833333333333,95.59,deeplift,2
0.0003,<class 'torch.optim.adam.Adam'>,CrossEntropyLoss(),1,True,16,115.22134937788545,162.64291850587497,162.64292638769774,488.9059273917235,488.90592769597254,92.20833333333333,95.59,integrated_gradients,2
0.0003,<class 'torch.optim.adam.Adam'>,CrossEntropyLoss(),1,True,16,175.99074,288.4509,288.4509,376.77887,376.77896,92.59333333333333,95.58,deeplift,3
0.0003,<class 'torch.optim.adam.Adam'>,CrossEntropyLoss(),1,True,16,181.52800161216604,255.43228735747374,255.43229149619057,381.0587872806443,381.0588094980856,92.59333333333333,95.58,integrated_gradients,3
0.0003,<class 'torch.optim.adam.Adam'>,CrossEntropyLoss(),1,True,16,112.91043,227.3222,227.32228,304.6249,304.62497,91.845,95.92,deeplift,4
0.0003,<class 'torch.optim.adam.Adam'>,CrossEntropyLoss(),1,True,16,144.467720334284,271.8025885556891,271.8025854220849,342.6744806173885,342.67447323583906,91.845,95.92,integrated_gradients,4
0.0003,<class 'torch.optim.adam.Adam'>,CrossEntropyLoss(),1,True,16,150.16399,434.74216,434.7422,180.1618,180.16185,91.54833333333333,95.27,deeplift,5
0.0003,<class 'torch.optim.adam.Adam'>,CrossEntropyLoss(),1,True,16,176.22671431191685,501.45959238567,501.4595887278532,206.24356026405943,206.24356252776178,91.56166666666667,95.44,integrated_gradients,5
0.0003,<class 'torch.optim.adam.Adam'>,CrossEntropyLoss(),1,True,16,199.88939,355.95987,355.95987,494.14713,494.14713,91.84833333333333,94.8,deeplift,6
0.0003,<class 'torch.optim.adam.Adam'>,CrossEntropyLoss(),1,True,16,179.64539963217132,270.95663085738494,270.9566298818247,425.89434370422043,425.8943460411594,91.84833333333333,94.8,integrated_gradients,6
0.0003,<class 'torch.optim.adam.Adam'>,CrossEntropyLoss(),1,True,16,142.00713,365.35025,365.3503,319.41348,319.4135,92.405,95.45,deeplift,7
0.0003,<class 'torch.optim.adam.Adam'>,CrossEntropyLoss(),1,True,16,145.50400944380752,397.29374373744236,397.2937398481459,303.80328852662075,303.80328890038265,92.35,95.37,integrated_gradients,7
0.0003,<class 'torch.optim.adam.Adam'>,CrossEntropyLoss(),1,True,16,175.49025,159.30876,159.3088,479.5245,479.52454,91.53166666666667,95.07,deeplift,8
0.0003,<class 'torch.optim.adam.Adam'>,CrossEntropyLoss(),1,True,16,151.57912833625537,137.68511577545925,137.6851207574181,462.4188292175258,462.41882698091456,91.53166666666667,95.07,integrated_gradients,8
0.0003,<class 'torch.optim.adam.Adam'>,CrossEntropyLoss(),1,True,16,310.61154,539.73553,539.7355,399.97842,399.97836,92.31333333333333,95.67,deeplift,9
0.0003,<class 'torch.optim.adam.Adam'>,CrossEntropyLoss(),1,True,16,198.48349604726667,376.5318037553651,376.5318101959839,321.51800051330895,321.517999125636,92.31333333333333,95.67,integrated_gradients,9
0.0003,<class 'torch.optim.adam.Adam'>,CrossEntropyLoss(),1,True,16,135.96918,26.73147,26.731476,574.8975,574.8975,92.255,95.5,deeplift,10
0.0003,<class 'torch.optim.adam.Adam'>,CrossEntropyLoss(),1,True,16,149.4828868727068,26.091468319049397,26.091469199554755,603.9062265159241,603.9061699361467,92.24833333333333,95.63,integrated_gradients,10
0.0003,<class 'torch.optim.adam.Adam'>,CrossEntropyLoss(),1,True,16,161.9595,148.97594,148.97594,455.0068,455.0067,92.40333333333334,96.29,deeplift,11
0.0003,<class 'torch.optim.adam.Adam'>,CrossEntropyLoss(),1,True,16,190.2243784356397,188.00092932126336,188.00093200686806,517.9178967710278,517.9179335969393,92.40333333333334,96.29,integrated_gradients,11
0.0003,<class 'torch.optim.adam.Adam'>,CrossEntropyLoss(),1,True,16,80.69187,143.30598,143.30597,551.8985,551.8984,91.66,95.66,deeplift,12
0.0003,<class 'torch.optim.adam.Adam'>,CrossEntropyLoss(),1,True,16,76.99392592677115,167.5039065494288,167.5039136397577,559.8348546721952,559.8348438213945,91.66,95.66,integrated_gradients,12
0.0003,<class 'torch.optim.adam.Adam'>,CrossEntropyLoss(),1,True,16,112.45074,210.6137,210.6137,330.91443,330.9144,91.73833333333333,95.42,deeplift,13
0.0003,<class 'torch.optim.adam.Adam'>,CrossEntropyLoss(),1,True,16,133.29460000080675,269.40373401653466,269.40374477002985,403.2333743605754,403.2333881623506,91.73833333333333,95.42,integrated_gradients,13
0.0003,<class 'torch.optim.adam.Adam'>,CrossEntropyLoss(),1,True,16,125.84161,128.58737,128.58742,476.14774,476.14777,92.5,95.29,deeplift,14
0.0003,<class 'torch.optim.adam.Adam'>,CrossEntropyLoss(),1,True,16,135.73449833213655,136.9683804917458,136.96838120013842,527.7867290749942,527.7867382332972,92.51,93.89,integrated_gradients,14
0.0003,<class 'torch.optim.adam.Adam'>,CrossEntropyLoss(),1,False,64,169.95105,105.33174,105.33174,452.98746,452.98734,90.405,94.03,deeplift,0
0.0003,<class 'torch.optim.adam.Adam'>,CrossEntropyLoss(),1,False,64,211.0592068780278,140.48905936083028,140.48906230827853,565.7680528846739,565.7680419045683,90.405,94.03,integrated_gradients,0
0.0003,<class 'torch.optim.adam.Adam'>,CrossEntropyLoss(),1,False,64,125.03582,204.87405,204.87415,418.57947,418.5795,89.87,93.29,deeplift,1
0.0003,<class 'torch.optim.adam.Adam'>,CrossEntropyLoss(),1,False,64,149.79436618559484,247.78781504180512,247.78781880175677,480.07633246456066,480.07630977647034,89.87,93.29,integrated_gradients,1
0.0003,<class 'torch.optim.adam.Adam'>,CrossEntropyLoss(),1,False,64,100.00537,136.74805,136.74808,296.5096,296.50952,89.175,93.19,deeplift,2
0.0003,<class 'torch.optim.adam.Adam'>,CrossEntropyLoss(),1,False,64,118.68698525294334,165.27808111549692,165.27808937400204,349.9156393031816,349.91567151943735,89.175,93.19,integrated_gradients,2
0.0003,<class 'torch.optim.adam.Adam'>,CrossEntropyLoss(),1,False,64,105.92261,246.82411,246.82417,238.34695,238.34694,90.19333333333333,94.54,deeplift,3
0.0003,<class 'torch.optim.adam.Adam'>,CrossEntropyLoss(),1,False,64,141.03398805967367,352.3209867537984,352.32099514543063,318.3645301247222,318.36452075979906,90.19333333333333,94.54,integrated_gradients,3
0.0003,<class 'torch.optim.adam.Adam'>,CrossEntropyLoss(),1,False,64,123.66531,260.26532,260.2653,281.16254,281.16248,90.275,94.01,deeplift,4
0.0003,<class 'torch.optim.adam.Adam'>,CrossEntropyLoss(),1,False,64,159.27844801618593,336.0648908406005,336.0648914545929,353.91084310771356,353.91083689340877,90.32,94.06,integrated_gradients,4
0.0003,<class 'torch.optim.adam.Adam'>,CrossEntropyLoss(),1,False,64,171.53635,342.82855,342.8286,113.60474,113.60471,88.63333333333334,92.34,deeplift,5
0.0003,<class 'torch.optim.adam.Adam'>,CrossEntropyLoss(),1,False,64,214.3430962071596,407.7991092551716,407.7991167220157,130.55962099136462,130.55963156377487,88.64,92.29,integrated_gradients,5
0.0003,<class 'torch.optim.adam.Adam'>,CrossEntropyLoss(),1,False,64,161.17152,200.97319,200.97325,261.64673,261.6468,88.99166666666666,92.82,deeplift,6
0.0003,<class 'torch.optim.adam.Adam'>,CrossEntropyLoss(),1,False,64,207.500101962102,248.38770734454798,248.38770095091272,321.15697813074235,321.1569843035482,88.99166666666666,92.82,integrated_gradients,6
0.0003,<class 'torch.optim.adam.Adam'>,CrossEntropyLoss(),1,False,64,143.29247,303.92673,303.9267,196.81628,196.81633,89.41166666666666,92.83,deeplift,7
0.0003,<class 'torch.optim.adam.Adam'>,CrossEntropyLoss(),1,False,64,182.71344648476324,393.77338044348716,393.77337074615764,239.4164697099161,239.41648605108182,89.41166666666666,92.83,integrated_gradients,7
0.0003,<class 'torch.optim.adam.Adam'>,CrossEntropyLoss(),1,False,64,147.21149,134.59785,134.5978,306.33966,306.33954,88.87333333333333,92.4,deeplift,8
0.0003,<class 'torch.optim.adam.Adam'>,CrossEntropyLoss(),1,False,64,169.3034414284518,149.98575169442367,149.98574142378772,348.3722245951297,348.3722307509297,88.87333333333333,92.4,integrated_gradients,8
0.0003,<class 'torch.optim.adam.Adam'>,CrossEntropyLoss(),1,False,64,137.66808,267.23795,267.2379,177.57312,177.57307,90.12,94.76,deeplift,9
0.0003,<class 'torch.optim.adam.Adam'>,CrossEntropyLoss(),1,False,64,196.19302045242125,375.01273481708427,375.01273361104353,248.9793583167766,248.97936253060453,90.12,94.76,integrated_gradients,9
0.0003,<class 'torch.optim.adam.Adam'>,CrossEntropyLoss(),1,False,64,111.36229,40.94399,40.943993,513.08636,513.08655,90.08166666666666,93.74,deeplift,10
0.0003,<class 'torch.optim.adam.Adam'>,CrossEntropyLoss(),1,False,64,138.69003764281754,55.47965028274728,55.47965008600151,587.4203636352734,587.4203640277088,90.08166666666666,93.74,integrated_gradients,10
0.0003,<class 'torch.optim.adam.Adam'>,CrossEntropyLoss(),1,False,64,124.21977,131.0652,131.0652,260.4501,260.45013,89.605,93.62,deeplift,11
0.0003,<class 'torch.optim.adam.Adam'>,CrossEntropyLoss(),1,False,64,170.11399560309505,174.6652154265499,174.6652204559079,331.4938405874338,331.4938544687843,89.605,93.62,integrated_gradients,11
0.0003,<class 'torch.optim.adam.Adam'>,CrossEntropyLoss(),1,False,64,97.660385,126.19515,126.19517,409.107,409.10712,88.71333333333334,93.7,deeplift,12
0.0003,<class 'torch.optim.adam.Adam'>,CrossEntropyLoss(),1,False,64,123.25296972910628,167.91998347965492,167.91997822420169,492.1132335812152,492.11321346311996,88.71333333333334,93.7,integrated_gradients,12
0.0003,<class 'torch.optim.adam.Adam'>,CrossEntropyLoss(),1,False,64,131.174,228.8024,228.8023,383.43207,383.432,89.945,92.81,deeplift,13
0.0003,<class 'torch.optim.adam.Adam'>,CrossEntropyLoss(),1,False,64,157.31867703663679,281.96590218425155,281.96590296639016,436.9874602346912,436.9874705002605,89.945,92.81,integrated_gradients,13
0.0003,<class 'torch.optim.adam.Adam'>,CrossEntropyLoss(),1,False,64,122.943275,126.26999,126.27003,367.12335,367.12335,90.11,93.93,deeplift,14
0.0003,<class 'torch.optim.adam.Adam'>,CrossEntropyLoss(),1,False,64,169.08695735624246,171.09890682279038,171.09890222227932,460.87062668589806,460.8706300147135,90.11,93.93,integrated_gradients,14
0.0003,<class 'torch.optim.adam.Adam'>,CrossEntropyLoss(),1,False,32,100.32363,70.65263,70.65266,413.05026,413.05023,91.45,93.66,deeplift,0
0.0003,<class 'torch.optim.adam.Adam'>,CrossEntropyLoss(),1,False,32,184.78247701209455,111.36827190445851,111.36827341076729,574.4764787065163,574.4765030215146,91.45,93.66,integrated_gradients,0
0.0003,<class 'torch.optim.adam.Adam'>,CrossEntropyLoss(),1,False,32,92.28281,180.67975,180.67973,404.0892,404.08926,91.10833333333333,91.08,deeplift,1
0.0003,<class 'torch.optim.adam.Adam'>,CrossEntropyLoss(),1,False,32,114.33006063304894,230.28999965022186,230.289995706511,456.09294350928826,456.09294961829494,91.15666666666667,90.46,integrated_gradients,1
0.0003,<class 'torch.optim.adam.Adam'>,CrossEntropyLoss(),1,False,32,90.05851,153.5875,153.58746,422.9664,422.9665,90.49666666666667,93.76,deeplift,2
0.0003,<class 'torch.optim.adam.Adam'>,CrossEntropyLoss(),1,False,32,116.43989422735194,195.6607371882757,195.66073930709592,529.4004885875707,529.4004881046861,90.49666666666667,93.76,integrated_gradients,2
0.0003,<class 'torch.optim.adam.Adam'>,CrossEntropyLoss(),1,False,32,107.681885,209.17155,209.1716,227.3845,227.38452,91.43833333333333,93.99,deeplift,3
0.0003,<class 'torch.optim.adam.Adam'>,CrossEntropyLoss(),1,False,32,142.1345492489478,309.24471291541647,309.2447176911197,303.98048507548685,303.980480489566,91.43833333333333,93.99,integrated_gradients,3
0.0003,<class 'torch.optim.adam.Adam'>,CrossEntropyLoss(),1,False,32,108.05796,273.17773,273.17783,292.5652,292.56522,91.455,93.82,deeplift,4
0.0003,<class 'torch.optim.adam.Adam'>,CrossEntropyLoss(),1,False,32,128.13099561158947,340.04499819702,340.0450027857572,356.224833484415,356.22483223767284,91.455,93.82,integrated_gradients,4
0.0003,<class 'torch.optim.adam.Adam'>,CrossEntropyLoss(),1,False,32,158.50899,430.74875,430.7488,140.13126,140.13126,90.21666666666667,94.18,deeplift,5
0.0003,<class 'torch.optim.adam.Adam'>,CrossEntropyLoss(),1,False,32,205.70304050987505,522.1321643151547,522.1321595594226,173.85657689131781,173.85657938341998,90.21666666666667,94.18,integrated_gradients,5
0.0003,<class 'torch.optim.adam.Adam'>,CrossEntropyLoss(),1,False,32,149.89253,206.55893,206.55893,282.03705,282.03702,90.83,94.51,deeplift,6
0.0003,<class 'torch.optim.adam.Adam'>,CrossEntropyLoss(),1,False,32,217.51751033038715,266.39260757732575,266.39260023663957,360.1479244820474,360.1479268557277,90.83,94.51,integrated_gradients,6
0.0003,<class 'torch.optim.adam.Adam'>,CrossEntropyLoss(),1,False,32,117.7085,364.39835,364.3983,221.99048,221.99052,90.51,93.38,deeplift,7
0.0003,<class 'torch.optim.adam.Adam'>,CrossEntropyLoss(),1,False,32,152.1638509830967,450.94674111728693,450.94675425076036,267.2300712180393,267.2300488415753,90.51,93.38,integrated_gradients,7
0.0003,<class 'torch.optim.adam.Adam'>,CrossEntropyLoss(),1,False,32,147.43689,154.98926,154.98924,405.58383,405.5838,90.43666666666667,92.56,deeplift,8
0.0003,<class 'torch.optim.adam.Adam'>,CrossEntropyLoss(),1,False,32,176.13310925486292,180.58718561556645,180.58718390126737,445.6133976724288,445.61338181919473,90.495,92.77,integrated_gradients,8
0.0003,<class 'torch.optim.adam.Adam'>,CrossEntropyLoss(),1,False,32,132.14038,324.10632,324.10638,228.61407,228.61407,91.53333333333333,94.79,deeplift,9
0.0003,<class 'torch.optim.adam.Adam'>,CrossEntropyLoss(),1,False,32,183.25516222648992,422.5503601530454,422.5503612017006,298.16689083426326,298.16690157805056,91.53333333333333,94.79,integrated_gradients,9
0.0003,<class 'torch.optim.adam.Adam'>,CrossEntropyLoss(),1,False,32,110.77074,29.165672,29.16567,510.565,510.565,91.38833333333334,94.47,deeplift,10
0.0003,<class 'torch.optim.adam.Adam'>,CrossEntropyLoss(),1,False,32,138.0705694396996,36.92607157001312,36.92607465986646,575.1363996857708,575.1363920972088,91.38833333333334,94.47,integrated_gradients,10
0.0003,<class 'torch.optim.adam.Adam'>,CrossEntropyLoss(),1,False,32,131.83542,166.51144,166.51143,386.66537,386.66547,91.47666666666667,94.35,deeplift,11
0.0003,<class 'torch.optim.adam.Adam'>,CrossEntropyLoss(),1,False,32,186.32346769590927,242.9893521626435,242.98936516298073,505.4413209539782,505.44133132962406,91.47666666666667,94.35,integrated_gradients,11
0.0003,<class 'torch.optim.adam.Adam'>,CrossEntropyLoss(),1,False,32,98.1159,136.57529,136.57529,476.25604,476.2561,90.00333333333333,92.15,deeplift,12
0.0003,<class 'torch.optim.adam.Adam'>,CrossEntropyLoss(),1,False,32,98.50510572850223,159.07613760309766,159.0761312839504,533.1475002398174,533.1475012801235,90.00333333333333,92.15,integrated_gradients,12
0.0003,<class 'torch.optim.adam.Adam'>,CrossEntropyLoss(),1,False,32,126.96055,289.27194,289.27206,411.02817,411.02805,91.105,94.88,deeplift,13
0.0003,<class 'torch.optim.adam.Adam'>,CrossEntropyLoss(),1,False,32,150.2592558884155,318.07957419801465,318.07957087359114,429.1738502309708,429.1738468030293,91.105,94.88,integrated_gradients,13
0.0003,<class 'torch.optim.adam.Adam'>,CrossEntropyLoss(),1,False,32,124.26425,110.71805,110.71802,375.14355,375.1436,91.54333333333334,94.16,deeplift,14
0.0003,<class 'torch.optim.adam.Adam'>,CrossEntropyLoss(),1,False,32,163.140486222308,153.40288341412733,153.40288565351486,449.76996408143435,449.76996048846695,91.54333333333334,94.16,integrated_gradients,14
0.0003,<class 'torch.optim.adam.Adam'>,CrossEntropyLoss(),1,False,16,147.14984,65.656006,65.65601,611.7605,611.76044,92.26,94.06,deeplift,0
0.0003,<class 'torch.optim.adam.Adam'>,CrossEntropyLoss(),1,False,16,149.57694822606203,82.49951262050867,82.49951295052168,635.4600422859986,635.4600174620888,92.26,94.06,integrated_gradients,0
0.0003,<class 'torch.optim.adam.Adam'>,CrossEntropyLoss(),1,False,16,121.876274,165.24464,165.24461,494.62906,494.629,92.39166666666667,94.01,deeplift,1
0.0003,<class 'torch.optim.adam.Adam'>,CrossEntropyLoss(),1,False,16,148.37527152390092,205.2834684427775,205.28346322126018,560.2471392444008,560.2471522695126,92.39166666666667,94.01,integrated_gradients,1
0.0003,<class 'torch.optim.adam.Adam'>,CrossEntropyLoss(),1,False,16,83.38437,111.31221,111.31221,458.79556,458.79556,91.715,93.54,deeplift,2
0.0003,<class 'torch.optim.adam.Adam'>,CrossEntropyLoss(),1,False,16,104.79745616204423,132.73820538875768,132.73821000343483,500.36905109732163,500.36905956691794,91.715,93.54,integrated_gradients,2
0.0003,<class 'torch.optim.adam.Adam'>,CrossEntropyLoss(),1,False,16,126.114426,226.69499,226.69498,293.76926,293.7692,92.47666666666667,89.15,deeplift,3
0.0003,<class 'torch.optim.adam.Adam'>,CrossEntropyLoss(),1,False,16,143.68981703722304,210.63047349773385,210.63046680895937,300.30302938582287,300.303012794413,92.47666666666667,89.15,integrated_gradients,3
0.0003,<class 'torch.optim.adam.Adam'>,CrossEntropyLoss(),1,False,16,90.01268,214.19478,214.19476,264.12732,264.12723,91.97333333333333,92.85,deeplift,4
0.0003,<class 'torch.optim.adam.Adam'>,CrossEntropyLoss(),1,False,16,133.42276746730494,331.4559769046477,331.4559831920633,367.68787680373555,367.6878825897735,91.96,93.42,integrated_gradients,4
0.0003,<class 'torch.optim.adam.Adam'>,CrossEntropyLoss(),1,False,16,171.37122,581.0063,581.00653,210.81007,210.81004,91.53166666666667,93.13,deeplift,5
0.0003,<class 'torch.optim.adam.Adam'>,CrossEntropyLoss(),1,False,16,187.66122603450302,646.5458722432867,646.5458840855605,260.6544544310519,260.6544501193024,91.53166666666667,93.13,integrated_gradients,5
0.0003,<class 'torch.optim.adam.Adam'>,CrossEntropyLoss(),1,False,16,225.08064,181.16544,181.16542,322.708,322.708,91.97166666666666,94.32,deeplift,6
0.0003,<class 'torch.optim.adam.Adam'>,CrossEntropyLoss(),1,False,16,255.53597324344113,212.30949655707053,212.30949224991053,383.02988278175087,383.0298749633691,91.97166666666666,94.32,integrated_gradients,6
0.0003,<class 'torch.optim.adam.Adam'>,CrossEntropyLoss(),1,False,16,187.41678,443.87613,443.876,239.26135,239.2613,91.785,94.36,deeplift,7
0.0003,<class 'torch.optim.adam.Adam'>,CrossEntropyLoss(),1,False,16,190.19117730131606,468.18319160564346,468.1831825270061,265.81007121851684,265.81006325701406,91.785,94.36,integrated_gradients,7
0.0003,<class 'torch.optim.adam.Adam'>,CrossEntropyLoss(),1,False,16,171.06693,157.2278,157.22778,450.25885,450.25897,91.65333333333334,93.93,deeplift,8
0.0003,<class 'torch.optim.adam.Adam'>,CrossEntropyLoss(),1,False,16,160.75025285793666,140.5230437749136,140.5230440302543,435.3634979413078,435.36348748525387,91.65333333333334,93.93,integrated_gradients,8
0.0003,<class 'torch.optim.adam.Adam'>,CrossEntropyLoss(),1,False,16,154.92091,273.46545,273.46545,231.5434,231.54338,92.25833333333334,93.94,deeplift,9
0.0003,<class 'torch.optim.adam.Adam'>,CrossEntropyLoss(),1,False,16,155.12942201466686,263.0277877268565,263.02778008051234,276.5809774234468,276.5809668857795,92.33333333333333,92.09,integrated_gradients,9
0.0003,<class 'torch.optim.adam.Adam'>,CrossEntropyLoss(),1,False,16,146.8669,34.680492,34.680496,658.4289,658.4291,92.72333333333333,93.65,deeplift,10
0.0003,<class 'torch.optim.adam.Adam'>,CrossEntropyLoss(),1,False,16,139.82454900123494,30.146785092503507,30.14678578136454,637.1701294736268,637.1701920466459,92.72333333333333,93.65,integrated_gradients,10
0.0003,<class 'torch.optim.adam.Adam'>,CrossEntropyLoss(),1,False,16,167.63542,192.04138,192.04134,441.22284,441.22284,92.17333333333333,93.25,deeplift,11
0.0003,<class 'torch.optim.adam.Adam'>,CrossEntropyLoss(),1,False,16,199.94937330920482,217.6006752038812,217.60067762217957,496.9093182117367,496.90930399091206,92.17333333333333,93.25,integrated_gradients,11
0.0003,<class 'torch.optim.adam.Adam'>,CrossEntropyLoss(),1,False,16,117.52246,125.64669,125.646706,514.71436,514.71436,91.465,93.49,deeplift,12
0.0003,<class 'torch.optim.adam.Adam'>,CrossEntropyLoss(),1,False,16,64.6278099868513,128.48660368527058,128.48659508169555,473.41898733166954,473.4189762281924,91.45,94.44,integrated_gradients,12
0.0003,<class 'torch.optim.adam.Adam'>,CrossEntropyLoss(),1,False,16,160.61032,277.3745,277.3745,428.69467,428.69476,91.91833333333334,93.77,deeplift,13
0.0003,<class 'torch.optim.adam.Adam'>,CrossEntropyLoss(),1,False,16,140.09996471885884,211.22518733518004,211.22517703994407,304.4883504904463,304.48835038408333,91.91833333333334,93.77,integrated_gradients,13
0.0003,<class 'torch.optim.adam.Adam'>,CrossEntropyLoss(),1,False,16,144.51791,114.55113,114.55113,488.86734,488.86734,92.1,94.53,deeplift,14
0.0003,<class 'torch.optim.adam.Adam'>,CrossEntropyLoss(),1,False,16,145.39190872948586,93.83096490384692,93.83096608824064,478.0738646696583,478.0738670083227,92.1,94.53,integrated_gradients,14
