initial_lr,optimizer,criterion,train_data_used,train_set_shuffle,train_batch_size,branch1.0,branch2.0,branch3.0,branch4.0,train accuracy epoch0,train accuracy epoch1,train accuracy epoch2,test accuracy epoch0,test accuracy epoch1,test accuracy epoch2,method,run
0.001,<class 'torch.optim.adam.Adam'>,CrossEntropyLoss(),1,True,64,239.0959716796875,318.4466552734375,222.10654296875,165.5564697265625,72.52627627627628,91.86561561561561,94.41441441441441,71.6547901821061,77.3317498020586,80.72050673000791,deeplift,0
0.001,<class 'torch.optim.adam.Adam'>,CrossEntropyLoss(),1,True,64,239.05112062136345,318.41413754538013,222.15948418270506,165.55645129185973,72.52627627627628,91.86561561561561,94.41441441441441,71.6547901821061,77.3317498020586,80.72050673000791,integrated_gradients,0
0.001,<class 'torch.optim.adam.Adam'>,CrossEntropyLoss(),1,True,64,279.3044677734375,206.2706787109375,333.8664306640625,166.2292724609375,73.71246246246247,91.509009009009,94.35810810810811,76.6270783847981,79.7070467141726,79.03404592240696,deeplift,1
0.001,<class 'torch.optim.adam.Adam'>,CrossEntropyLoss(),1,True,64,279.29926434069375,206.2533850184414,333.85743481848687,166.22926254450462,73.71246246246247,91.509009009009,94.35810810810811,76.6270783847981,79.7070467141726,79.03404592240696,integrated_gradients,1
0.001,<class 'torch.optim.adam.Adam'>,CrossEntropyLoss(),1,True,64,251.67001953125,272.6878662109375,397.344873046875,177.770263671875,71.93693693693693,91.22372372372372,94.17417417417417,71.10055423594616,75.35233570863025,77.76722090261282,deeplift,2
0.001,<class 'torch.optim.adam.Adam'>,CrossEntropyLoss(),1,True,64,251.63589630250755,272.6923209031448,397.3102723066681,177.77025455689895,71.93693693693693,91.22372372372372,94.17417417417417,71.10055423594616,75.35233570863025,77.76722090261282,integrated_gradients,2
0.001,<class 'torch.optim.adam.Adam'>,CrossEntropyLoss(),1,True,64,253.170947265625,102.27747802734375,241.8191162109375,153.5720947265625,74.79354354354355,92.52252252252252,94.6433933933934,76.9833729216152,78.50356294536817,76.64291369754552,deeplift,3
0.001,<class 'torch.optim.adam.Adam'>,CrossEntropyLoss(),1,True,64,253.15777320364154,102.23882672022987,241.80194552269148,153.57206894223515,74.79354354354355,92.52252252252252,94.6433933933934,76.9833729216152,78.50356294536817,76.64291369754552,integrated_gradients,3
0.001,<class 'torch.optim.adam.Adam'>,CrossEntropyLoss(),1,True,64,324.8515625,201.17174072265624,253.9842041015625,156.439892578125,73.72372372372372,91.6403903903904,94.91366366366367,70.52256532066508,78.92319873317498,77.05463182897863,deeplift,4
0.001,<class 'torch.optim.adam.Adam'>,CrossEntropyLoss(),1,True,64,324.81576703856683,201.1591382856517,253.97594222057756,156.43987903890482,73.72372372372372,91.6403903903904,94.91366366366367,70.52256532066508,78.92319873317498,77.05463182897863,integrated_gradients,4
0.001,<class 'torch.optim.adam.Adam'>,CrossEntropyLoss(),1,True,64,265.3486083984375,265.7508544921875,214.5058349609375,162.536328125,74.87987987987988,92.59384384384384,94.45570570570571,74.59224069675376,78.08392715756136,79.35866983372921,deeplift,5
0.001,<class 'torch.optim.adam.Adam'>,CrossEntropyLoss(),1,True,64,265.3795623856972,265.7799263024965,214.4605884134067,162.53637404786494,74.87987987987988,92.59384384384384,94.45570570570571,74.59224069675376,78.08392715756136,79.35866983372921,integrated_gradients,5
0.001,<class 'torch.optim.adam.Adam'>,CrossEntropyLoss(),1,True,64,230.6303955078125,88.34844360351562,107.4506591796875,144.66346435546876,73.25825825825825,92.41741741741741,95.00750750750751,73.1908155186065,78.71733966745843,76.71417260490895,deeplift,6
0.001,<class 'torch.optim.adam.Adam'>,CrossEntropyLoss(),1,True,64,230.56408002858143,88.37149628596288,107.46910525214548,144.66348689525609,73.25825825825825,92.41741741741741,95.00750750750751,73.1908155186065,78.71733966745843,76.71417260490895,integrated_gradients,6
0.001,<class 'torch.optim.adam.Adam'>,CrossEntropyLoss(),1,True,64,200.9849365234375,301.4533935546875,198.2199951171875,116.76661376953125,73.68993993993993,92.31606606606607,95.07132132132132,70.49881235154395,78.51148060174188,77.72763262074426,deeplift,7
0.001,<class 'torch.optim.adam.Adam'>,CrossEntropyLoss(),1,True,64,200.96149695609628,301.3946459298858,198.1713784984015,116.76660999902784,73.68993993993993,92.31606606606607,95.07132132132132,70.49881235154395,78.51148060174188,77.72763262074426,integrated_gradients,7
0.001,<class 'torch.optim.adam.Adam'>,CrossEntropyLoss(),1,True,64,237.1603759765625,222.13623046875,101.7117919921875,171.21837158203124,73.10435435435436,92.36486486486487,95.22897897897897,74.2042755344418,80.22169437846398,79.88915281076801,deeplift,8
0.001,<class 'torch.optim.adam.Adam'>,CrossEntropyLoss(),1,True,64,237.16905330819463,222.10721849596698,101.66822366755775,171.2183646525932,73.10435435435436,92.36486486486487,95.22897897897897,74.2042755344418,80.22169437846398,79.88915281076801,integrated_gradients,8
0.001,<class 'torch.optim.adam.Adam'>,CrossEntropyLoss(),1,True,64,172.90948486328125,197.97825927734374,275.4765869140625,190.46497802734376,71.40765765765765,91.6554054054054,94.48573573573573,75.18606492478226,79.33491686460808,77.74346793349169,deeplift,9
0.001,<class 'torch.optim.adam.Adam'>,CrossEntropyLoss(),1,True,64,172.93368572104453,198.05300328652683,275.57677985559053,190.46497781349746,71.40765765765765,91.6554054054054,94.48573573573573,75.18606492478226,79.33491686460808,77.74346793349169,integrated_gradients,9
0.001,<class 'torch.optim.adam.Adam'>,CrossEntropyLoss(),1,True,64,112.9880615234375,276.9662109375,299.496142578125,137.08424072265626,73.13813813813813,91.88063063063063,94.94744744744744,77.37925574030088,80.66508313539192,81.04513064133016,deeplift,10
0.001,<class 'torch.optim.adam.Adam'>,CrossEntropyLoss(),1,True,64,113.01789115520907,276.9688055815347,299.5370193487383,137.0842512917845,73.13813813813813,91.88063063063063,94.94744744744744,77.37925574030088,80.66508313539192,81.04513064133016,integrated_gradients,10
0.001,<class 'torch.optim.adam.Adam'>,CrossEntropyLoss(),1,True,64,112.4975830078125,177.42425537109375,274.4899658203125,125.23016357421875,74.84609609609609,92.89414414414415,95.14264264264264,75.51860649247823,79.58828186856691,80.60965954077594,deeplift,11
0.001,<class 'torch.optim.adam.Adam'>,CrossEntropyLoss(),1,True,64,112.48113174707127,177.43032992243738,274.5143601992755,125.23016501520371,74.84609609609609,92.89414414414415,95.14264264264264,75.51860649247823,79.58828186856691,80.60965954077594,integrated_gradients,11
0.001,<class 'torch.optim.adam.Adam'>,CrossEntropyLoss(),1,True,64,113.94742431640626,342.0621337890625,293.3807373046875,173.167822265625,72.67642642642643,91.47897897897897,95.15015015015015,74.0221694378464,77.37133808392716,80.83927157561362,deeplift,12
0.001,<class 'torch.optim.adam.Adam'>,CrossEntropyLoss(),1,True,64,113.92047269792938,342.03566638462775,293.445913008663,173.16781618299925,72.67642642642643,91.47897897897897,95.15015015015015,74.0221694378464,77.37133808392716,80.83927157561362,integrated_gradients,12
0.001,<class 'torch.optim.adam.Adam'>,CrossEntropyLoss(),1,True,64,54.935150146484375,249.730126953125,143.10087890625,130.9394775390625,75.25150150150151,92.82282282282283,95.66816816816817,76.50039588281868,75.94615993665874,79.2874109263658,deeplift,13
0.001,<class 'torch.optim.adam.Adam'>,CrossEntropyLoss(),1,True,64,54.955951554264956,249.75974356688644,143.13012367671237,130.9394882348293,75.25150150150151,92.82282282282283,95.66816816816817,76.50039588281868,75.94615993665874,79.2874109263658,integrated_gradients,13
0.001,<class 'torch.optim.adam.Adam'>,CrossEntropyLoss(),1,True,64,207.70888671875,237.381787109375,233.56298828125,156.27451171875,73.01426426426427,92.11711711711712,94.72597597597597,72.65241488519398,78.07600950118764,79.95249406175772,deeplift,14
0.001,<class 'torch.optim.adam.Adam'>,CrossEntropyLoss(),1,True,64,207.67696139711998,237.50872229018267,233.5260957596469,156.27453369301193,73.01426426426427,92.11711711711712,94.72597597597597,72.65241488519398,78.07600950118764,79.95249406175772,integrated_gradients,14
0.001,<class 'torch.optim.adam.Adam'>,CrossEntropyLoss(),1,True,32,296.773193359375,378.4557861328125,240.7328125,235.07626953125,74.5608108108108,91.47522522522523,93.66741741741741,74.03800475059383,78.54315122723673,79.53285827395091,deeplift,0
0.001,<class 'torch.optim.adam.Adam'>,CrossEntropyLoss(),1,True,32,296.69519220532345,378.6490921422101,240.70171769592838,235.07626646931058,74.5608108108108,91.47522522522523,93.66741741741741,74.03800475059383,78.54315122723673,79.53285827395091,integrated_gradients,0
0.001,<class 'torch.optim.adam.Adam'>,CrossEntropyLoss(),1,True,32,287.88857421875,207.9001220703125,369.7243408203125,203.5224853515625,75.00750750750751,91.493993993994,93.53228228228228,76.83293745051465,78.74901029295329,80.27711797307997,deeplift,1
0.001,<class 'torch.optim.adam.Adam'>,CrossEntropyLoss(),1,True,32,287.92254620232086,207.8295260308509,369.72172039854564,203.5225192319251,75.00750750750751,91.493993993994,93.53228228228228,76.83293745051465,78.74901029295329,80.27711797307997,integrated_gradients,1
0.001,<class 'torch.optim.adam.Adam'>,CrossEntropyLoss(),1,True,32,256.1286865234375,279.1237548828125,421.204931640625,211.531201171875,73.34084084084084,90.75075075075075,93.38588588588588,69.78622327790974,76.84085510688836,76.31828978622327,deeplift,2
0.001,<class 'torch.optim.adam.Adam'>,CrossEntropyLoss(),1,True,32,256.06087338473344,279.10377630588494,421.1066061235193,211.53121095511614,73.34084084084084,90.75075075075075,93.38588588588588,69.78622327790974,76.84085510688836,76.31828978622327,integrated_gradients,2
0.001,<class 'torch.optim.adam.Adam'>,CrossEntropyLoss(),1,True,32,273.9458251953125,153.3722412109375,295.80830078125,155.93280029296875,75.66441441441441,92.240990990991,93.69744744744744,76.44497228820269,76.83293745051465,78.61441013460016,deeplift,3
0.001,<class 'torch.optim.adam.Adam'>,CrossEntropyLoss(),1,True,32,273.9626793837517,153.38021928925968,295.7863917704326,155.9328121249631,75.66441441441441,92.240990990991,93.69744744744744,76.44497228820269,76.83293745051465,78.61441013460016,integrated_gradients,3
0.001,<class 'torch.optim.adam.Adam'>,CrossEntropyLoss(),1,True,32,373.94736328125,251.9312744140625,258.025634765625,204.6830078125,74.63963963963964,91.40015015015015,94.02402402402403,74.3784639746635,74.65558194774347,78.3372921615202,deeplift,4
0.001,<class 'torch.optim.adam.Adam'>,CrossEntropyLoss(),1,True,32,373.959101600193,251.93287519409654,258.17805205133857,204.68302796107815,74.63963963963964,91.40015015015015,94.02402402402403,74.3784639746635,74.65558194774347,78.3372921615202,integrated_gradients,4
0.001,<class 'torch.optim.adam.Adam'>,CrossEntropyLoss(),1,True,32,274.113232421875,317.988671875,156.8077392578125,155.12786865234375,75.98723723723724,91.64414414414415,93.2957957957958,76.08076009501188,78.78068091844814,78.4639746634996,deeplift,5
0.001,<class 'torch.optim.adam.Adam'>,CrossEntropyLoss(),1,True,32,274.16707010069666,317.9557683771386,156.79505960124487,155.12788430097203,75.98723723723724,91.64414414414415,93.2957957957958,76.08076009501188,78.78068091844814,78.4639746634996,integrated_gradients,5
0.001,<class 'torch.optim.adam.Adam'>,CrossEntropyLoss(),1,True,32,197.2350830078125,95.2052001953125,85.312060546875,145.9516845703125,74.99624624624624,92.03078078078079,94.06906906906907,75.52652414885193,79.04196357878068,77.96516231195567,deeplift,6
0.001,<class 'torch.optim.adam.Adam'>,CrossEntropyLoss(),1,True,32,197.20568424235861,95.18668312366233,85.25475675740924,145.95169512553383,74.99624624624624,92.03078078078079,94.06906906906907,75.52652414885193,79.04196357878068,77.96516231195567,integrated_gradients,6
0.001,<class 'torch.optim.adam.Adam'>,CrossEntropyLoss(),1,True,32,253.528515625,364.4010009765625,213.5648193359375,174.68341064453125,75.97972972972973,91.60285285285285,93.68618618618619,74.77434679334917,77.62470308788599,77.82264449722882,deeplift,7
0.001,<class 'torch.optim.adam.Adam'>,CrossEntropyLoss(),1,True,32,253.47832805380995,364.4935421154617,213.59568286815093,174.6834114767008,75.97972972972973,91.60285285285285,93.68618618618619,74.77434679334917,77.62470308788599,77.82264449722882,integrated_gradients,7
0.001,<class 'torch.optim.adam.Adam'>,CrossEntropyLoss(),1,True,32,350.062841796875,228.469873046875,201.680126953125,178.6429931640625,74.42942942942943,92.04954954954955,93.97147147147147,73.15122723673792,78.95486935866984,78.36104513064133,deeplift,8
0.001,<class 'torch.optim.adam.Adam'>,CrossEntropyLoss(),1,True,32,349.9790909800783,228.4707519086282,201.7130527051201,178.6429716257863,74.42942942942943,92.04954954954955,93.97147147147147,73.15122723673792,78.95486935866984,78.36104513064133,integrated_gradients,8
0.001,<class 'torch.optim.adam.Adam'>,CrossEntropyLoss(),1,True,32,224.428125,232.330517578125,344.134033203125,192.0463134765625,73.50975975975976,91.43768768768768,93.29204204204204,73.34916864608076,75.52652414885193,79.36658749010293,deeplift,9
0.001,<class 'torch.optim.adam.Adam'>,CrossEntropyLoss(),1,True,32,224.44225557151407,232.31780015313242,344.2109053324674,192.04632332030204,73.50975975975976,91.43768768768768,93.29204204204204,73.34916864608076,75.52652414885193,79.36658749010293,integrated_gradients,9
0.001,<class 'torch.optim.adam.Adam'>,CrossEntropyLoss(),1,True,32,193.23643798828124,303.61689453125,336.7529541015625,165.34453125,74.87237237237237,90.89714714714715,93.57357357357357,74.19635787806808,77.26840855106889,82.17735550277118,deeplift,10
0.001,<class 'torch.optim.adam.Adam'>,CrossEntropyLoss(),1,True,32,193.30967994383008,303.6783139866158,336.62743651439166,165.34453646381618,74.87237237237237,90.89714714714715,93.57357357357357,74.19635787806808,77.26840855106889,82.17735550277118,integrated_gradients,10
0.001,<class 'torch.optim.adam.Adam'>,CrossEntropyLoss(),1,True,32,37.19197998046875,182.1714111328125,265.987109375,154.0369873046875,75.72447447447448,92.39489489489489,94.1554054054054,74.37054631828978,76.6270783847981,79.54077593032463,deeplift,11
0.001,<class 'torch.optim.adam.Adam'>,CrossEntropyLoss(),1,True,32,37.20689484087748,182.22159035752233,266.05587706593343,154.03700072563237,75.72447447447448,92.39489489489489,94.1554054054054,74.37054631828978,76.6270783847981,79.54077593032463,integrated_gradients,11
0.001,<class 'torch.optim.adam.Adam'>,CrossEntropyLoss(),1,True,32,152.9235107421875,414.895654296875,304.2794921875,216.2232666015625,74.56831831831832,91.43018018018019,93.68993993993993,76.71417260490895,75.83531274742676,80.09501187648456,deeplift,12
0.001,<class 'torch.optim.adam.Adam'>,CrossEntropyLoss(),1,True,32,152.9449260542466,415.04244133711984,304.34135583733536,216.2232606908081,74.56831831831832,91.43018018018019,93.68993993993993,76.71417260490895,75.83531274742676,80.09501187648456,integrated_gradients,12
0.001,<class 'torch.optim.adam.Adam'>,CrossEntropyLoss(),1,True,32,178.8871337890625,333.3904296875,169.0360107421875,183.95224609375,76.4602102102102,92.63138138138139,94.42942942942943,78.6381631037213,75.39984164687253,80.80760095011877,deeplift,13
0.001,<class 'torch.optim.adam.Adam'>,CrossEntropyLoss(),1,True,32,178.97393174999988,333.2642761148081,169.07444580509681,183.95224178608643,76.4602102102102,92.63138138138139,94.42942942942943,78.6381631037213,75.39984164687253,80.80760095011877,integrated_gradients,13
0.001,<class 'torch.optim.adam.Adam'>,CrossEntropyLoss(),1,True,32,191.07591552734374,203.876025390625,153.2318115234375,196.08399658203126,74.44069069069069,91.97072072072072,93.70870870870871,72.92161520190024,77.56927949326999,77.79889152810767,deeplift,14
0.001,<class 'torch.optim.adam.Adam'>,CrossEntropyLoss(),1,True,32,191.0627683935764,203.789349097878,153.20564085725078,196.08399262695673,74.44069069069069,91.97072072072072,93.70870870870871,72.92161520190024,77.56927949326999,77.79889152810767,integrated_gradients,14
0.001,<class 'torch.optim.adam.Adam'>,CrossEntropyLoss(),1,True,16,337.68955078125,499.7994140625,270.847265625,321.44638671875,74.75975975975976,89.43318318318319,92.86786786786787,73.3095803642122,75.41567695961996,79.69912905779888,deeplift,0
0.001,<class 'torch.optim.adam.Adam'>,CrossEntropyLoss(),1,True,16,337.78276863490413,499.7351208122738,270.75945636316766,321.4463692458413,74.75975975975976,89.43318318318319,92.86786786786787,73.3095803642122,75.41567695961996,79.69912905779888,integrated_gradients,0
0.001,<class 'torch.optim.adam.Adam'>,CrossEntropyLoss(),1,True,16,474.20732421875,241.116162109375,493.054150390625,283.862255859375,74.70345345345345,89.77102102102103,92.58633633633633,74.3230403800475,77.41092636579573,77.79889152810767,deeplift,1
0.001,<class 'torch.optim.adam.Adam'>,CrossEntropyLoss(),1,True,16,474.0879674431828,241.2855285338626,493.06259731704756,283.8622262215862,74.70345345345345,89.77102102102103,92.58633633633633,74.3230403800475,77.41092636579573,77.79889152810767,integrated_gradients,1
0.001,<class 'torch.optim.adam.Adam'>,CrossEntropyLoss(),1,True,16,345.3953857421875,445.46201171875,475.4708984375,272.7942138671875,73.68618618618619,89.52702702702703,92.44369369369369,73.95882818685669,77.34758511480602,76.72209026128266,deeplift,2
0.001,<class 'torch.optim.adam.Adam'>,CrossEntropyLoss(),1,True,16,345.32101317988383,445.5253953114851,475.5351601658088,272.7942274979124,73.68618618618619,89.52702702702703,92.44369369369369,73.95882818685669,77.34758511480602,76.72209026128266,integrated_gradients,2
0.001,<class 'torch.optim.adam.Adam'>,CrossEntropyLoss(),1,True,16,318.7031494140625,147.42469482421876,404.017822265625,258.1249755859375,75.04504504504504,90.20270270270271,92.55630630630631,76.61916072842439,77.18131433095803,77.6880443388757,deeplift,3
0.001,<class 'torch.optim.adam.Adam'>,CrossEntropyLoss(),1,True,16,318.67482415534425,147.33381679252247,404.0573541151831,258.1249429049764,75.04504504504504,90.20270270270271,92.55630630630631,76.61916072842439,77.18131433095803,77.6880443388757,integrated_gradients,3
0.001,<class 'torch.optim.adam.Adam'>,CrossEntropyLoss(),1,True,16,499.97021484375,322.05029296875,231.2314453125,204.05224609375,74.71096096096096,89.28678678678679,92.90165165165165,72.80285035629454,77.74346793349169,77.03087885985748,deeplift,4
0.001,<class 'torch.optim.adam.Adam'>,CrossEntropyLoss(),1,True,16,499.99572566395165,321.725916503834,231.23955714200815,204.05227971197016,74.71096096096096,89.28678678678679,92.90165165165165,72.80285035629454,77.74346793349169,77.03087885985748,integrated_gradients,4
0.001,<class 'torch.optim.adam.Adam'>,CrossEntropyLoss(),1,True,16,360.397314453125,409.0108642578125,269.9642578125,203.2985107421875,75.35285285285285,89.88363363363364,92.23723723723724,70.54631828978623,75.47901821060967,79.61203483768804,deeplift,5
0.001,<class 'torch.optim.adam.Adam'>,CrossEntropyLoss(),1,True,16,360.41529671988843,408.94203078759534,269.9460756872819,203.29853443722635,75.35285285285285,89.88363363363364,92.23723723723724,70.54631828978623,75.47901821060967,79.61203483768804,integrated_gradients,5
0.001,<class 'torch.optim.adam.Adam'>,CrossEntropyLoss(),1,True,16,256.7648681640625,166.28037109375,64.79454956054687,227.4588623046875,74.42567567567568,90.11636636636636,92.83783783783784,75.55027711797308,76.28661916072842,78.43230403800474,deeplift,6
0.001,<class 'torch.optim.adam.Adam'>,CrossEntropyLoss(),1,True,16,256.69056680171707,166.26401157020513,64.70321649672668,227.45888199669156,74.42567567567568,90.11636636636636,92.83783783783784,75.55027711797308,76.28661916072842,78.43230403800474,integrated_gradients,6
0.001,<class 'torch.optim.adam.Adam'>,CrossEntropyLoss(),1,True,16,266.063232421875,436.826806640625,299.846240234375,236.0727783203125,74.90615615615616,89.93243243243244,92.66516516516516,75.3206650831354,78.47980997624703,74.89311163895486,deeplift,7
0.001,<class 'torch.optim.adam.Adam'>,CrossEntropyLoss(),1,True,16,266.0946402999754,436.88623466666496,299.8894095379814,236.07279149254205,74.90615615615616,89.93243243243244,92.66516516516516,75.3206650831354,78.47980997624703,74.89311163895486,integrated_gradients,7
0.001,<class 'torch.optim.adam.Adam'>,CrossEntropyLoss(),1,True,16,332.312939453125,353.2780517578125,334.35234375,221.7420166015625,74.4481981981982,90.24774774774775,92.63513513513513,71.33808392715756,73.53127474267617,77.44259699129057,deeplift,8
0.001,<class 'torch.optim.adam.Adam'>,CrossEntropyLoss(),1,True,16,332.3043084133531,353.2055817545618,334.53872653086455,221.7420241551511,74.4481981981982,90.24774774774775,92.63513513513513,71.33808392715756,73.53127474267617,77.44259699129057,integrated_gradients,8
0.001,<class 'torch.optim.adam.Adam'>,CrossEntropyLoss(),1,True,16,179.3966796875,327.88291015625,401.0477294921875,286.3763671875,73.99774774774775,89.86486486486487,92.9054054054054,75.65320665083135,78.73317498020586,78.89152810768013,deeplift,9
0.001,<class 'torch.optim.adam.Adam'>,CrossEntropyLoss(),1,True,16,179.25987113842893,327.86833942864683,400.8975633418337,286.3763581359592,73.99774774774775,89.86486486486487,92.9054054054054,75.65320665083135,78.73317498020586,78.89152810768013,integrated_gradients,9
0.001,<class 'torch.optim.adam.Adam'>,CrossEntropyLoss(),1,True,16,166.28782958984374,395.5099609375,452.2876953125,243.7900634765625,73.62612612612612,89.51201201201201,92.15465465465465,75.01979414093428,78.17893903404592,80.8313539192399,deeplift,10
0.001,<class 'torch.optim.adam.Adam'>,CrossEntropyLoss(),1,True,16,166.40882122676163,395.52219653422287,452.3590028218252,243.7900841397386,73.62612612612612,89.51201201201201,92.15465465465465,75.01979414093428,78.17893903404592,80.8313539192399,integrated_gradients,10
0.001,<class 'torch.optim.adam.Adam'>,CrossEntropyLoss(),1,True,16,-60.192633056640624,136.85772705078125,329.0158447265625,246.131787109375,74.7897897897898,90.19144144144144,92.48498498498499,70.72842438638163,75.18606492478226,76.95961995249407,deeplift,11
0.001,<class 'torch.optim.adam.Adam'>,CrossEntropyLoss(),1,True,16,-60.33742078102729,136.88208310961966,328.9741240131736,246.1317835094721,74.7897897897898,90.19144144144144,92.48498498498499,70.72842438638163,75.18606492478226,76.95961995249407,integrated_gradients,11
0.001,<class 'torch.optim.adam.Adam'>,CrossEntropyLoss(),1,True,16,113.8161865234375,537.4947265625,313.499365234375,266.77119140625,73.9451951951952,89.54954954954955,92.759009009009,77.64845605700712,77.8147268408551,76.5162311955661,deeplift,12
0.001,<class 'torch.optim.adam.Adam'>,CrossEntropyLoss(),1,True,16,113.84079415413837,537.8653349980502,313.6015573929152,266.7711992602877,73.9451951951952,89.54954954954955,92.759009009009,77.64845605700712,77.8147268408551,76.5162311955661,integrated_gradients,12
0.001,<class 'torch.optim.adam.Adam'>,CrossEntropyLoss(),1,True,16,228.150732421875,374.195458984375,256.3617919921875,179.0890625,75.72822822822823,90.52177177177177,93.246996996997,74.972288202692,76.326207442597,76.99129057798892,deeplift,13
0.001,<class 'torch.optim.adam.Adam'>,CrossEntropyLoss(),1,True,16,228.10185911295622,374.25584843592424,256.3942230069999,179.08907207830302,75.72822822822823,90.52177177177177,93.246996996997,74.972288202692,76.326207442597,76.99129057798892,integrated_gradients,13
0.001,<class 'torch.optim.adam.Adam'>,CrossEntropyLoss(),1,True,16,238.2883056640625,231.414794921875,316.65634765625,269.7376708984375,74.55705705705705,90.24774774774775,92.4512012012012,73.38083927157561,75.39984164687253,77.35550277117973,deeplift,14
0.001,<class 'torch.optim.adam.Adam'>,CrossEntropyLoss(),1,True,16,238.2378844666502,231.52093828667552,316.70437657636495,269.7376874255203,74.55705705705705,90.24774774774775,92.4512012012012,73.38083927157561,75.39984164687253,77.35550277117973,integrated_gradients,14
0.001,<class 'torch.optim.adam.Adam'>,CrossEntropyLoss(),1,True,8,472.05478515625,741.78837890625,441.6955078125,524.95478515625,73.16066066066067,88.60735735735736,92.10210210210211,75.73238321456849,71.16389548693587,77.19714964370546,deeplift,0
0.001,<class 'torch.optim.adam.Adam'>,CrossEntropyLoss(),1,True,8,472.13979532008364,741.7097439333292,441.61046180501614,524.9547440651924,73.16066066066067,88.60735735735736,92.10210210210211,75.73238321456849,71.16389548693587,77.19714964370546,integrated_gradients,0
0.001,<class 'torch.optim.adam.Adam'>,CrossEntropyLoss(),1,True,8,661.64150390625,457.507373046875,577.63212890625,486.567431640625,73.34084084084084,88.3933933933934,91.77927927927928,72.6682501979414,73.42042755344418,76.69833729216153,deeplift,1
0.001,<class 'torch.optim.adam.Adam'>,CrossEntropyLoss(),1,True,8,661.6279590969544,457.3688213926172,577.2925118850727,486.5674622930148,73.34084084084084,88.3933933933934,91.77927927927928,72.6682501979414,73.42042755344418,76.69833729216153,integrated_gradients,1
0.001,<class 'torch.optim.adam.Adam'>,CrossEntropyLoss(),1,True,8,530.12685546875,603.479736328125,682.404248046875,477.69189453125,72.33108108108108,87.74774774774775,91.74924924924925,72.09817893903404,74.05384006334126,79.68329374505146,deeplift,2
0.001,<class 'torch.optim.adam.Adam'>,CrossEntropyLoss(),1,True,8,529.9000177681136,603.2763632612223,682.7344917313286,477.69190848714715,72.33108108108108,87.74774774774775,91.74924924924925,72.09817893903404,74.05384006334126,79.68329374505146,integrated_gradients,2
0.001,<class 'torch.optim.adam.Adam'>,CrossEntropyLoss(),1,True,8,359.2693115234375,216.746826171875,793.3650390625,298.809912109375,72.80405405405405,88.87012012012012,92.13213213213213,71.81314330958037,74.65558194774347,79.20823436262866,deeplift,3
0.001,<class 'torch.optim.adam.Adam'>,CrossEntropyLoss(),1,True,8,359.27387907184726,216.77926067537564,793.3903159934001,298.80990676655233,72.80405405405405,88.87012012012012,92.13213213213213,71.81314330958037,74.65558194774347,79.20823436262866,integrated_gradients,3
0.001,<class 'torch.optim.adam.Adam'>,CrossEntropyLoss(),1,True,8,811.51962890625,454.2427734375,263.012158203125,372.0279541015625,72.43243243243244,88.4084084084084,91.97447447447448,68.96278701504355,75.87490102929533,79.85748218527316,deeplift,4
0.001,<class 'torch.optim.adam.Adam'>,CrossEntropyLoss(),1,True,8,811.554359575159,454.0751022224693,263.0371918349358,372.0279400902844,72.43243243243244,88.4084084084084,91.97447447447448,68.96278701504355,75.87490102929533,79.85748218527316,integrated_gradients,4
0.001,<class 'torch.optim.adam.Adam'>,CrossEntropyLoss(),1,True,8,567.99228515625,674.18271484375,321.64853515625,400.0378662109375,73.003003003003,88.22822822822823,91.27252252252252,73.38083927157561,75.00395882818685,76.22327790973871,deeplift,5
0.001,<class 'torch.optim.adam.Adam'>,CrossEntropyLoss(),1,True,8,568.1222662622093,674.1900210663779,321.6384917701217,400.037887677241,73.003003003003,88.22822822822823,91.27252252252252,73.38083927157561,75.00395882818685,76.22327790973871,integrated_gradients,5
0.001,<class 'torch.optim.adam.Adam'>,CrossEntropyLoss(),1,True,8,267.3305908203125,406.246630859375,170.757421875,308.439208984375,72.57882882882883,89.11411411411412,92.27477477477477,70.94220110847189,75.5106888361045,77.89390340459224,deeplift,6
0.001,<class 'torch.optim.adam.Adam'>,CrossEntropyLoss(),1,True,8,267.311692480944,406.2962051192221,170.77564714050254,308.43921910294887,72.57882882882883,89.11411411411412,92.27477477477477,70.94220110847189,75.5106888361045,77.89390340459224,integrated_gradients,6
0.001,<class 'torch.optim.adam.Adam'>,CrossEntropyLoss(),1,True,8,325.8940673828125,672.45654296875,475.71025390625,425.08857421875,72.4024024024024,88.50975975975976,91.76051051051051,72.94536817102137,77.17339667458432,80.73634204275534,deeplift,7
0.001,<class 'torch.optim.adam.Adam'>,CrossEntropyLoss(),1,True,8,325.98111133686933,672.4478461485286,475.6585167909281,425.08852279078326,72.4024024024024,88.50975975975976,91.76051051051051,72.94536817102137,77.17339667458432,80.73634204275534,integrated_gradients,7
0.001,<class 'torch.optim.adam.Adam'>,CrossEntropyLoss(),1,True,8,497.73466796875,452.8599609375,582.63447265625,413.820361328125,73.07057057057057,89.009009009009,92.1096096096096,70.38004750593824,72.16943784639747,79.16072842438638,deeplift,8
0.001,<class 'torch.optim.adam.Adam'>,CrossEntropyLoss(),1,True,8,497.8634725513142,452.8486260796848,582.135286675354,413.8203157209283,73.07057057057057,89.009009009009,92.1096096096096,70.38004750593824,72.16943784639747,79.16072842438638,integrated_gradients,8
0.001,<class 'torch.optim.adam.Adam'>,CrossEntropyLoss(),1,True,8,351.7286376953125,472.9923828125,785.012158203125,423.900927734375,72.65015015015015,88.7012012012012,92.1096096096096,75.5027711797308,75.7403008709422,79.27157561361837,deeplift,9
0.001,<class 'torch.optim.adam.Adam'>,CrossEntropyLoss(),1,True,8,351.66428880530964,472.92159020115844,784.8485702797525,423.90092405941533,72.65015015015015,88.7012012012012,92.1096096096096,75.5027711797308,75.7403008709422,79.27157561361837,integrated_gradients,9
0.001,<class 'torch.optim.adam.Adam'>,CrossEntropyLoss(),1,True,8,291.2288818359375,592.26162109375,448.6970703125,411.7478515625,72.59009009009009,88.46096096096096,91.82057057057057,67.65637371338084,69.05779889152811,79.53285827395091,deeplift,10
0.001,<class 'torch.optim.adam.Adam'>,CrossEntropyLoss(),1,True,8,291.29418094780755,592.492070533054,448.7392432785283,411.7478471836331,72.59009009009009,88.46096096096096,91.82057057057057,67.65637371338084,69.05779889152811,79.53285827395091,integrated_gradients,10
0.001,<class 'torch.optim.adam.Adam'>,CrossEntropyLoss(),1,True,8,173.92685546875,598.505810546875,651.6330078125,388.0107666015625,72.39114114114115,87.99549549549549,91.98198198198199,66.9833729216152,77.95724465558195,78.55106888361045,deeplift,11
0.001,<class 'torch.optim.adam.Adam'>,CrossEntropyLoss(),1,True,8,174.12977492672294,598.4143978376965,651.5734000068666,388.0108262038292,72.39114114114115,87.99549549549549,91.98198198198199,66.9833729216152,77.95724465558195,78.55106888361045,integrated_gradients,11
0.001,<class 'torch.optim.adam.Adam'>,CrossEntropyLoss(),1,True,8,339.35947265625,784.591064453125,589.05546875,368.2207275390625,73.04429429429429,88.49849849849849,91.5578078078078,72.59699129057799,75.13855898653999,79.30324623911322,deeplift,12
0.001,<class 'torch.optim.adam.Adam'>,CrossEntropyLoss(),1,True,8,339.06998074795854,784.5807308853039,588.8188814727737,368.22075625047904,73.04429429429429,88.49849849849849,91.5578078078078,72.59699129057799,75.13855898653999,79.30324623911322,integrated_gradients,12
0.001,<class 'torch.optim.adam.Adam'>,CrossEntropyLoss(),1,True,8,304.661767578125,528.8451171875,527.522509765625,278.44833984375,73.99024024024024,89.32807807807808,92.27477477477477,74.17260490894695,72.88202692003168,78.63024544734759,deeplift,13
0.001,<class 'torch.optim.adam.Adam'>,CrossEntropyLoss(),1,True,8,304.60841202465093,528.820618561289,527.0257893953885,278.44832831816314,73.99024024024024,89.32807807807808,92.27477477477477,74.17260490894695,72.88202692003168,78.63024544734759,integrated_gradients,13
0.001,<class 'torch.optim.adam.Adam'>,CrossEntropyLoss(),1,True,8,306.269677734375,278.344970703125,368.033349609375,375.0778564453125,72.85285285285285,89.10285285285285,92.36861861861861,71.29057798891527,74.63182897862232,78.40855106888361,deeplift,14
0.001,<class 'torch.optim.adam.Adam'>,CrossEntropyLoss(),1,True,8,306.0621612109661,278.46635961475556,368.07576163668347,375.0778768040753,72.85285285285285,89.10285285285285,92.36861861861861,71.29057798891527,74.63182897862232,78.40855106888361,integrated_gradients,14
0.0007,<class 'torch.optim.adam.Adam'>,CrossEntropyLoss(),1,True,64,205.812744140625,284.674365234375,214.294921875,126.57957763671875,72.34609609609609,91.63288288288288,95.13888888888889,70.31670625494854,77.18131433095803,81.08471892319874,deeplift,0
0.0007,<class 'torch.optim.adam.Adam'>,CrossEntropyLoss(),1,True,64,205.8341411894513,284.7310961099284,214.28290010791028,126.57958622861665,72.34609609609609,91.63288288288288,95.13888888888889,70.31670625494854,77.18131433095803,81.08471892319874,integrated_gradients,0
0.0007,<class 'torch.optim.adam.Adam'>,CrossEntropyLoss(),1,True,64,245.358203125,160.31859130859374,308.3408203125,120.79554443359375,73.95645645645645,91.79804804804805,94.71471471471472,75.24148851939826,80.05542359461599,79.23990498812351,deeplift,1
0.0007,<class 'torch.optim.adam.Adam'>,CrossEntropyLoss(),1,True,64,245.39445063598964,160.28611249409957,308.3749897836737,120.79552541666808,73.95645645645645,91.79804804804805,94.71471471471472,75.24148851939826,80.05542359461599,79.23990498812351,integrated_gradients,1
0.0007,<class 'torch.optim.adam.Adam'>,CrossEntropyLoss(),1,True,64,210.6308837890625,222.7890869140625,349.588427734375,128.776025390625,70.90090090090091,91.01726726726727,94.35435435435436,71.14806017418844,76.81710213776722,79.35866983372921,deeplift,2
0.0007,<class 'torch.optim.adam.Adam'>,CrossEntropyLoss(),1,True,64,210.70786184449608,222.82472451913287,349.64437553630285,128.7760409184868,70.90090090090091,91.01726726726727,94.35435435435436,71.14806017418844,76.81710213776722,79.35866983372921,integrated_gradients,2
0.0007,<class 'torch.optim.adam.Adam'>,CrossEntropyLoss(),1,True,64,237.6863525390625,109.69058837890626,209.2869384765625,115.9156982421875,73.68618618618619,92.63888888888889,94.86486486486487,77.0387965162312,79.60411718131434,78.17893903404592,deeplift,3
0.0007,<class 'torch.optim.adam.Adam'>,CrossEntropyLoss(),1,True,64,237.66365198712765,109.77852019632567,209.27259494322462,115.91569203517778,73.68618618618619,92.63888888888889,94.86486486486487,77.0387965162312,79.60411718131434,78.17893903404592,integrated_gradients,3
0.0007,<class 'torch.optim.adam.Adam'>,CrossEntropyLoss(),1,True,64,303.04873046875,180.0411865234375,257.51240234375,114.7878173828125,73.10435435435436,91.53153153153153,94.95495495495496,69.95249406175772,79.1765637371338,78.61441013460016,deeplift,4
0.0007,<class 'torch.optim.adam.Adam'>,CrossEntropyLoss(),1,True,64,303.0036176679059,180.0180081669934,257.47753738497204,114.78781885272056,73.10435435435436,91.53153153153153,94.95495495495496,69.95249406175772,79.1765637371338,78.61441013460016,integrated_gradients,4
0.0007,<class 'torch.optim.adam.Adam'>,CrossEntropyLoss(),1,True,64,235.2025390625,227.60068359375,207.824169921875,123.46884765625,74.13663663663664,92.743993993994,94.82357357357357,75.00395882818685,78.92319873317498,80.31670625494854,deeplift,5
0.0007,<class 'torch.optim.adam.Adam'>,CrossEntropyLoss(),1,True,64,235.2076346075358,227.62894565557446,207.8857965491135,123.46883291068127,74.13663663663664,92.743993993994,94.82357357357357,75.00395882818685,78.92319873317498,80.31670625494854,integrated_gradients,5
0.0007,<class 'torch.optim.adam.Adam'>,CrossEntropyLoss(),1,True,64,205.1246826171875,49.192257690429685,71.53890380859374,107.9061767578125,72.16966966966967,92.07957957957957,95.41291291291292,73.65003958828187,79.1686460807601,78.1631037212985,deeplift,6
0.0007,<class 'torch.optim.adam.Adam'>,CrossEntropyLoss(),1,True,64,205.11993775763267,49.16276933301525,71.5564361286259,107.90617387322843,72.16966966966967,92.07957957957957,95.41291291291292,73.65003958828187,79.1686460807601,78.1631037212985,integrated_gradients,6
0.0007,<class 'torch.optim.adam.Adam'>,CrossEntropyLoss(),1,True,64,181.740380859375,251.092822265625,165.0015380859375,93.56744995117188,73.16441441441441,92.32357357357357,95.24024024024024,72.38321456848773,77.90973871733966,77.44259699129057,deeplift,7
0.0007,<class 'torch.optim.adam.Adam'>,CrossEntropyLoss(),1,True,64,181.8017743592532,251.11569630193918,165.08415768103848,93.56744934081087,73.16441441441441,92.32357357357357,95.24024024024024,72.38321456848773,77.90973871733966,77.44259699129057,integrated_gradients,7
0.0007,<class 'torch.optim.adam.Adam'>,CrossEntropyLoss(),1,True,64,250.75986328125,259.0415283203125,182.71551513671875,118.9067138671875,71.04729729729729,91.71546546546547,95.08633633633633,72.39904988123516,78.812351543943,79.65954077593032,deeplift,8
0.0007,<class 'torch.optim.adam.Adam'>,CrossEntropyLoss(),1,True,64,250.75128274786348,259.01647772981283,182.72735349389137,118.90670531250063,71.04729729729729,91.71546546546547,95.08633633633633,72.39904988123516,78.812351543943,79.65954077593032,integrated_gradients,8
0.0007,<class 'torch.optim.adam.Adam'>,CrossEntropyLoss(),1,True,64,146.15208740234374,189.7271240234375,190.44727783203126,124.14326171875,71.42267267267268,91.9481981981982,94.9024024024024,75.27315914489311,78.3372921615202,80.1187648456057,deeplift,9
0.0007,<class 'torch.optim.adam.Adam'>,CrossEntropyLoss(),1,True,64,146.13625943781688,189.71350978037012,190.49189695656435,124.14325894913557,71.42267267267268,91.9481981981982,94.9024024024024,75.27315914489311,78.3372921615202,80.1187648456057,integrated_gradients,9
0.0007,<class 'torch.optim.adam.Adam'>,CrossEntropyLoss(),1,True,64,114.54520263671876,252.2428955078125,254.0689697265625,99.9617919921875,72.32732732732732,91.86561561561561,95.18018018018019,77.54552652414885,80.41963578780681,79.96832937450515,deeplift,10
0.0007,<class 'torch.optim.adam.Adam'>,CrossEntropyLoss(),1,True,64,114.5903269575567,252.29765651818988,254.14332573417673,99.96179476805094,72.32732732732732,91.86561561561561,95.18018018018019,77.54552652414885,80.41963578780681,79.96832937450515,integrated_gradients,10
0.0007,<class 'torch.optim.adam.Adam'>,CrossEntropyLoss(),1,True,64,84.70399169921875,141.6546142578125,255.1630615234375,102.5543701171875,73.58858858858859,92.81906906906907,95.17267267267268,75.13855898653999,80.15835312747427,81.9556611243072,deeplift,11
0.0007,<class 'torch.optim.adam.Adam'>,CrossEntropyLoss(),1,True,64,84.66241157729584,141.67112816222814,255.1122257388933,102.55437389446078,73.58858858858859,92.81906906906907,95.17267267267268,75.13855898653999,80.15835312747427,81.9556611243072,integrated_gradients,11
0.0007,<class 'torch.optim.adam.Adam'>,CrossEntropyLoss(),1,True,64,112.44434814453125,296.427880859375,290.865576171875,120.29281005859374,72.05330330330331,91.38888888888889,95.03753753753753,74.60807600950119,76.67458432304038,80.45922406967537,deeplift,12
0.0007,<class 'torch.optim.adam.Adam'>,CrossEntropyLoss(),1,True,64,112.34636419122016,296.42016068504773,290.7759391937345,120.29279909425301,72.05330330330331,91.38888888888889,95.03753753753753,74.60807600950119,76.67458432304038,80.45922406967537,integrated_gradients,12
0.0007,<class 'torch.optim.adam.Adam'>,CrossEntropyLoss(),1,True,64,88.03848876953126,205.2218994140625,119.0453125,101.96727905273437,74.496996996997,92.98048048048048,95.56306306306307,76.83293745051465,75.82739509105305,78.78068091844814,deeplift,13
0.0007,<class 'torch.optim.adam.Adam'>,CrossEntropyLoss(),1,True,64,88.04675488749295,205.2143701606466,118.95648624273853,101.96728120669329,74.496996996997,92.98048048048048,95.56306306306307,76.83293745051465,75.82739509105305,78.78068091844814,integrated_gradients,13
0.0007,<class 'torch.optim.adam.Adam'>,CrossEntropyLoss(),1,True,64,189.769775390625,188.1002197265625,219.08701171875,117.11385498046874,71.93693693693693,91.83933933933933,94.56831831831832,71.74980205859066,77.91765637371338,79.02612826603325,deeplift,14
0.0007,<class 'torch.optim.adam.Adam'>,CrossEntropyLoss(),1,True,64,189.77918877732202,188.16935494082466,219.05739790432168,117.11384820414555,71.93693693693693,91.83933933933933,94.56831831831832,71.74980205859066,77.91765637371338,79.02612826603325,integrated_gradients,14
0.0007,<class 'torch.optim.adam.Adam'>,CrossEntropyLoss(),1,True,32,235.1671875,306.9021484375,216.776220703125,186.7810791015625,74.62837837837837,91.68543543543544,94.70345345345345,73.85589865399842,79.46159936658749,78.2264449722882,deeplift,0
0.0007,<class 'torch.optim.adam.Adam'>,CrossEntropyLoss(),1,True,32,235.1665620958874,306.89573438566583,216.74548384274726,186.7810854515127,74.62837837837837,91.68543543543544,94.70345345345345,73.85589865399842,79.46159936658749,78.2264449722882,integrated_gradients,0
0.0007,<class 'torch.optim.adam.Adam'>,CrossEntropyLoss(),1,True,32,262.8990234375,162.1279541015625,321.3542724609375,141.31959228515626,75.31156156156156,92.33858858858859,94.16666666666667,77.00712589073635,78.78068091844814,78.97070467141727,deeplift,1
0.0007,<class 'torch.optim.adam.Adam'>,CrossEntropyLoss(),1,True,32,262.8789686874187,162.07222134271044,321.2898723234984,141.31959722339056,75.31156156156156,92.33858858858859,94.16666666666667,77.00712589073635,78.78068091844814,78.97070467141727,integrated_gradients,1
0.0007,<class 'torch.optim.adam.Adam'>,CrossEntropyLoss(),1,True,32,230.024267578125,226.50009765625,376.474365234375,137.21800537109374,73.87387387387388,91.39264264264264,94.20795795795796,69.66745843230404,77.87806809184481,75.57403008709421,deeplift,2
0.0007,<class 'torch.optim.adam.Adam'>,CrossEntropyLoss(),1,True,32,230.0501233706399,226.5365852672814,376.51100583294243,137.21801809092318,73.87387387387388,91.39264264264264,94.20795795795796,69.66745843230404,77.87806809184481,75.57403008709421,integrated_gradients,2
0.0007,<class 'torch.optim.adam.Adam'>,CrossEntropyLoss(),1,True,32,231.2447021484375,42.11221923828125,207.3845703125,121.69678955078125,75.9084084084084,92.86036036036036,94.69969969969969,77.83847980997625,78.92319873317498,81.71021377672209,deeplift,3
0.0007,<class 'torch.optim.adam.Adam'>,CrossEntropyLoss(),1,True,32,231.18016584340324,42.10687263820163,207.32374344677405,121.69680291943914,75.9084084084084,92.86036036036036,94.69969969969969,77.83847980997625,78.92319873317498,81.71021377672209,integrated_gradients,3
0.0007,<class 'torch.optim.adam.Adam'>,CrossEntropyLoss(),1,True,32,307.1230224609375,177.77508544921875,225.668115234375,128.713330078125,75.28528528528528,91.94444444444444,94.51951951951952,75.58986539984164,76.95170229612035,81.57561361836896,deeplift,4
0.0007,<class 'torch.optim.adam.Adam'>,CrossEntropyLoss(),1,True,32,307.1270086071246,177.8611666441183,225.74652667426707,128.7133424446018,75.28528528528528,91.94444444444444,94.51951951951952,75.58986539984164,76.95170229612035,81.57561361836896,integrated_gradients,4
0.0007,<class 'torch.optim.adam.Adam'>,CrossEntropyLoss(),1,True,32,234.2234130859375,239.5072265625,181.93353271484375,122.39476318359375,76.24624624624624,92.30105105105105,94.50075075075075,76.8646080760095,77.90182106096596,76.90419635787806,deeplift,5
0.0007,<class 'torch.optim.adam.Adam'>,CrossEntropyLoss(),1,True,32,234.22910948747796,239.46943535626679,181.9132114265633,122.3947493701369,76.24624624624624,92.30105105105105,94.50075075075075,76.8646080760095,77.90182106096596,76.90419635787806,integrated_gradients,5
0.0007,<class 'torch.optim.adam.Adam'>,CrossEntropyLoss(),1,True,32,221.88740234375,74.0304931640625,54.71402587890625,122.1897705078125,74.95495495495496,92.61636636636636,94.60210210210211,76.90419635787806,79.59619952494062,78.07600950118764,deeplift,6
0.0007,<class 'torch.optim.adam.Adam'>,CrossEntropyLoss(),1,True,32,221.87480166701909,74.02952954421217,54.77439916331089,122.18977276651329,74.95495495495496,92.61636636636636,94.60210210210211,76.90419635787806,79.59619952494062,78.07600950118764,integrated_gradients,6
0.0007,<class 'torch.optim.adam.Adam'>,CrossEntropyLoss(),1,True,32,223.940771484375,282.28203125,202.41044921875,139.261767578125,75.9421921921922,92.39114114114115,94.69594594594595,75.19398258115598,78.44813935075217,78.00475059382423,deeplift,7
0.0007,<class 'torch.optim.adam.Adam'>,CrossEntropyLoss(),1,True,32,223.90037236830054,282.27340152127385,202.42405335880096,139.2617746011008,75.9421921921922,92.39114114114115,94.69594594594595,75.19398258115598,78.44813935075217,78.00475059382423,integrated_gradients,7
0.0007,<class 'torch.optim.adam.Adam'>,CrossEntropyLoss(),1,True,32,305.4976806640625,217.765185546875,121.32064208984374,134.16651611328126,74.53453453453453,92.75150150150151,94.60210210210211,75.19398258115598,78.26603325415677,80.6492478226445,deeplift,8
0.0007,<class 'torch.optim.adam.Adam'>,CrossEntropyLoss(),1,True,32,305.5220665100951,217.69487323407648,121.3804363142755,134.1665114661102,74.53453453453453,92.75150150150151,94.60210210210211,75.19398258115598,78.26603325415677,80.6492478226445,integrated_gradients,8
0.0007,<class 'torch.optim.adam.Adam'>,CrossEntropyLoss(),1,True,32,165.0318603515625,206.6301513671875,217.5193359375,141.1991943359375,74.34309309309309,92.30105105105105,94.50825825825825,75.37608867775138,78.17893903404592,80.54631828978623,deeplift,9
0.0007,<class 'torch.optim.adam.Adam'>,CrossEntropyLoss(),1,True,32,165.08643403849433,206.6478679591834,217.5061392664637,141.19918324939434,74.34309309309309,92.30105105105105,94.50825825825825,75.37608867775138,78.17893903404592,80.54631828978623,integrated_gradients,9
0.0007,<class 'torch.optim.adam.Adam'>,CrossEntropyLoss(),1,True,32,168.55858154296874,276.257275390625,286.0715087890625,120.90411376953125,75.0487987987988,91.74174174174175,94.80105105105105,75.11480601741884,77.3950910530483,81.26682501979414,deeplift,10
0.0007,<class 'torch.optim.adam.Adam'>,CrossEntropyLoss(),1,True,32,168.4806938538983,276.3512159370453,286.08191890657554,120.90413038235688,75.0487987987988,91.74174174174175,94.80105105105105,75.11480601741884,77.3950910530483,81.26682501979414,integrated_gradients,10
0.0007,<class 'torch.optim.adam.Adam'>,CrossEntropyLoss(),1,True,32,14.400253295898438,171.998876953125,248.12763671875,115.4321533203125,75.88213213213213,92.77027027027027,94.71096096096096,74.96437054631829,78.35312747426762,81.243072050673,deeplift,11
0.0007,<class 'torch.optim.adam.Adam'>,CrossEntropyLoss(),1,True,32,14.460937080292414,172.01737915214213,248.18491191045177,115.43217164391581,75.88213213213213,92.77027027027027,94.71096096096096,74.96437054631829,78.35312747426762,81.243072050673,integrated_gradients,11
0.0007,<class 'torch.optim.adam.Adam'>,CrossEntropyLoss(),1,True,32,75.9376953125,344.9172119140625,308.914990234375,144.1043212890625,74.49324324324324,92.08708708708708,94.6584084084084,76.85669041963578,75.44734758511481,79.53285827395091,deeplift,12
0.0007,<class 'torch.optim.adam.Adam'>,CrossEntropyLoss(),1,True,32,75.88307155209459,344.89295752416274,308.93627166184336,144.10431695068561,74.49324324324324,92.08708708708708,94.6584084084084,76.85669041963578,75.44734758511481,79.53285827395091,integrated_gradients,12
0.0007,<class 'torch.optim.adam.Adam'>,CrossEntropyLoss(),1,True,32,41.381961059570315,221.486181640625,113.21697998046875,117.21239013671875,76.85810810810811,92.91666666666667,95.24024024024024,77.67220902612827,75.93824228028504,81.35391923990498,deeplift,13
0.0007,<class 'torch.optim.adam.Adam'>,CrossEntropyLoss(),1,True,32,41.46536366487433,221.4207959434785,113.1859842241067,117.21240425834716,76.85810810810811,92.91666666666667,95.24024024024024,77.67220902612827,75.93824228028504,81.35391923990498,integrated_gradients,13
0.0007,<class 'torch.optim.adam.Adam'>,CrossEntropyLoss(),1,True,32,172.47606201171874,201.00120849609374,170.107080078125,129.7001220703125,74.54954954954955,92.46621621621621,94.25675675675676,72.56532066508314,78.28978622327791,79.90498812351544,deeplift,14
0.0007,<class 'torch.optim.adam.Adam'>,CrossEntropyLoss(),1,True,32,172.48113645493967,201.04427219359204,170.10165617760197,129.70010952953572,74.54954954954955,92.46621621621621,94.25675675675676,72.56532066508314,78.28978622327791,79.90498812351544,integrated_gradients,14
0.0007,<class 'torch.optim.adam.Adam'>,CrossEntropyLoss(),1,True,16,273.41123046875,338.004443359375,198.96483154296874,225.4823974609375,75.76201201201201,90.8596096096096,93.40465465465465,74.37054631828978,77.94140934283452,81.09263657957244,deeplift,0
0.0007,<class 'torch.optim.adam.Adam'>,CrossEntropyLoss(),1,True,16,273.3551586872983,338.1949320386879,198.87463291645918,225.4824153471781,75.76201201201201,90.8596096096096,93.40465465465465,74.37054631828978,77.94140934283452,81.09263657957244,integrated_gradients,0
0.0007,<class 'torch.optim.adam.Adam'>,CrossEntropyLoss(),1,True,16,290.6235595703125,155.18812255859376,357.63974609375,189.1014404296875,75.80705705705705,91.18243243243244,93.37462462462463,75.94615993665874,78.03642121931908,77.58511480601742,deeplift,1
0.0007,<class 'torch.optim.adam.Adam'>,CrossEntropyLoss(),1,True,16,290.7155910439264,155.13684028652798,357.7017199291334,189.10140243771855,75.80705705705705,91.18243243243244,93.37462462462463,75.94615993665874,78.03642121931908,77.58511480601742,integrated_gradients,1
0.0007,<class 'torch.optim.adam.Adam'>,CrossEntropyLoss(),1,True,16,278.1833251953125,269.7210693359375,391.848486328125,219.845751953125,74.51201201201201,90.81456456456456,93.09684684684684,73.12747426761679,77.56927949326999,77.03087885985748,deeplift,2
0.0007,<class 'torch.optim.adam.Adam'>,CrossEntropyLoss(),1,True,16,278.0822364275479,269.8869201319859,391.83836595319593,219.84573300063033,74.51201201201201,90.81456456456456,93.09684684684684,73.12747426761679,77.56927949326999,77.03087885985748,integrated_gradients,2
0.0007,<class 'torch.optim.adam.Adam'>,CrossEntropyLoss(),1,True,16,213.159765625,42.303411865234374,218.384765625,187.8586181640625,76.47147147147147,91.56906906906907,93.50225225225225,78.36896278701505,75.91448931116389,78.00475059382423,deeplift,3
0.0007,<class 'torch.optim.adam.Adam'>,CrossEntropyLoss(),1,True,16,213.03052937981482,42.25896096714169,218.40440028778417,187.85861520571325,76.47147147147147,91.56906906906907,93.50225225225225,78.36896278701505,75.91448931116389,78.00475059382423,integrated_gradients,3
0.0007,<class 'torch.optim.adam.Adam'>,CrossEntropyLoss(),1,True,16,387.321533203125,212.22333984375,199.05430908203124,156.547119140625,75.73948948948949,90.8596096096096,93.28828828828829,72.96912114014252,80.1741884402217,81.15597783056215,deeplift,4
0.0007,<class 'torch.optim.adam.Adam'>,CrossEntropyLoss(),1,True,16,387.23211364790205,212.22901629074198,199.13998393621543,156.5470958587327,75.73948948948949,90.8596096096096,93.28828828828829,72.96912114014252,80.1741884402217,81.15597783056215,integrated_gradients,4
0.0007,<class 'torch.optim.adam.Adam'>,CrossEntropyLoss(),1,True,16,242.5260986328125,285.9362548828125,192.41004638671876,130.67601318359374,76.86936936936937,91.27627627627628,93.31456456456456,73.38083927157561,76.27870150435471,79.62787015043547,deeplift,5
0.0007,<class 'torch.optim.adam.Adam'>,CrossEntropyLoss(),1,True,16,242.48668118740665,285.89587153460116,192.3978468987039,130.6759985732546,76.86936936936937,91.27627627627628,93.31456456456456,73.38083927157561,76.27870150435471,79.62787015043547,integrated_gradients,5
0.0007,<class 'torch.optim.adam.Adam'>,CrossEntropyLoss(),1,True,16,217.8085205078125,-1.6258628845214844,62.703131103515624,176.96234130859375,75.78078078078079,91.35510510510511,93.82132132132132,75.3285827395091,80.38796516231196,76.65874901029295,deeplift,6
0.0007,<class 'torch.optim.adam.Adam'>,CrossEntropyLoss(),1,True,16,217.78730188911695,-1.5494660171936845,62.614627117258465,176.9623453901977,75.78078078078079,91.35510510510511,93.82132132132132,75.3285827395091,80.38796516231196,76.65874901029295,integrated_gradients,6
0.0007,<class 'torch.optim.adam.Adam'>,CrossEntropyLoss(),1,True,16,233.7194580078125,277.7542724609375,188.10321044921875,184.68946533203126,76.29504504504504,91.2987987987988,93.75,76.12034837688044,80.02375296912113,78.02850356294537,deeplift,7
0.0007,<class 'torch.optim.adam.Adam'>,CrossEntropyLoss(),1,True,16,233.56248218894365,277.8135443820192,188.10634418574537,184.68945715728574,76.29504504504504,91.2987987987988,93.75,76.12034837688044,80.02375296912113,78.02850356294537,integrated_gradients,7
0.0007,<class 'torch.optim.adam.Adam'>,CrossEntropyLoss(),1,True,16,350.8572998046875,237.4663818359375,279.560009765625,156.8393310546875,75.55930930930931,91.2987987987988,93.66741741741741,71.17181314330958,76.65083135391924,77.41092636579573,deeplift,8
0.0007,<class 'torch.optim.adam.Adam'>,CrossEntropyLoss(),1,True,16,350.88316531266724,237.5839032163347,279.6255285628836,156.8393236685424,75.55930930930931,91.2987987987988,93.66741741741741,71.17181314330958,76.65083135391924,77.41092636579573,integrated_gradients,8
0.0007,<class 'torch.optim.adam.Adam'>,CrossEntropyLoss(),1,True,16,133.29521484375,238.898681640625,297.859423828125,185.72784423828125,75.25525525525525,90.8445945945946,93.29204204204204,77.05463182897863,79.15281076801267,78.40063341250989,deeplift,9
0.0007,<class 'torch.optim.adam.Adam'>,CrossEntropyLoss(),1,True,16,133.2676326826343,238.90754617522234,297.8571874384386,185.72784042044785,75.25525525525525,90.8445945945946,93.29204204204204,77.05463182897863,79.15281076801267,78.40063341250989,integrated_gradients,9
0.0007,<class 'torch.optim.adam.Adam'>,CrossEntropyLoss(),1,True,16,88.68545532226562,295.7204833984375,327.853857421875,151.077880859375,75.19894894894895,91.03603603603604,93.2957957957958,73.99049881235155,77.8068091844814,79.23990498812351,deeplift,10
0.0007,<class 'torch.optim.adam.Adam'>,CrossEntropyLoss(),1,True,16,88.65896505307799,295.7753770394864,327.8660504549964,151.07787461617303,75.19894894894895,91.03603603603604,93.2957957957958,73.99049881235155,77.8068091844814,79.23990498812351,integrated_gradients,10
0.0007,<class 'torch.optim.adam.Adam'>,CrossEntropyLoss(),1,True,16,18.105348205566408,236.903955078125,230.2774169921875,161.816845703125,75.96096096096096,91.58408408408408,93.50225225225225,75.60570071258907,76.1520190023753,78.95486935866984,deeplift,11
0.0007,<class 'torch.optim.adam.Adam'>,CrossEntropyLoss(),1,True,16,17.930908074309546,236.90175779081136,230.26753907919777,161.81684372617244,75.96096096096096,91.58408408408408,93.50225225225225,75.60570071258907,76.1520190023753,78.95486935866984,integrated_gradients,11
0.0007,<class 'torch.optim.adam.Adam'>,CrossEntropyLoss(),1,True,16,74.440234375,393.2935546875,304.897509765625,187.30185546875,75.76201201201201,90.73573573573573,93.73123123123123,77.49010292953285,77.30799683293745,79.21615201900238,deeplift,12
0.0007,<class 'torch.optim.adam.Adam'>,CrossEntropyLoss(),1,True,16,74.49323981828368,393.18062762819915,304.83625015131327,187.30184752845057,75.76201201201201,90.73573573573573,93.73123123123123,77.49010292953285,77.30799683293745,79.21615201900238,integrated_gradients,12
0.0007,<class 'torch.optim.adam.Adam'>,CrossEntropyLoss(),1,True,16,84.01538696289063,267.264892578125,133.049853515625,107.86409912109374,76.88063063063063,91.85810810810811,94.26801801801801,77.3396674584323,79.5249406175772,77.46634996041172,deeplift,13
0.0007,<class 'torch.optim.adam.Adam'>,CrossEntropyLoss(),1,True,16,84.0711011107571,267.30224576559266,133.02774328799606,107.86410239877242,76.88063063063063,91.85810810810811,94.26801801801801,77.3396674584323,79.5249406175772,77.46634996041172,integrated_gradients,13
0.0007,<class 'torch.optim.adam.Adam'>,CrossEntropyLoss(),1,True,16,144.53282470703124,229.77802734375,161.13355712890626,167.120751953125,75.87462462462463,91.29504504504504,93.66741741741741,76.07284243863816,76.12826603325416,78.92319873317498,deeplift,14
0.0007,<class 'torch.optim.adam.Adam'>,CrossEntropyLoss(),1,True,16,144.48700452328683,229.91724518161837,161.1165958550186,167.12073895904217,75.87462462462463,91.29504504504504,93.66741741741741,76.07284243863816,76.12826603325416,78.92319873317498,integrated_gradients,14
0.0007,<class 'torch.optim.adam.Adam'>,CrossEntropyLoss(),1,True,8,386.7939453125,459.803515625,247.03525390625,323.4697265625,74.94744744744744,89.72972972972973,92.94669669669669,73.65003958828187,78.88361045130641,80.26128266033254,deeplift,0
0.0007,<class 'torch.optim.adam.Adam'>,CrossEntropyLoss(),1,True,8,386.8978129654647,459.79233227462817,247.052552478874,323.46975590083997,74.94744744744744,89.72972972972973,92.94669669669669,73.65003958828187,78.88361045130641,80.26128266033254,integrated_gradients,0
0.0007,<class 'torch.optim.adam.Adam'>,CrossEntropyLoss(),1,True,8,392.9004150390625,276.748486328125,346.1181396484375,358.866259765625,75.34534534534535,89.94369369369369,92.41741741741741,74.86935866983373,75.13064133016627,77.49802058590657,deeplift,1
0.0007,<class 'torch.optim.adam.Adam'>,CrossEntropyLoss(),1,True,8,392.91306547699645,276.7762234723877,346.07899740959266,358.86632118949325,75.34534534534535,89.94369369369369,92.41741741741741,74.86935866983373,75.13064133016627,77.49802058590657,integrated_gradients,1
0.0007,<class 'torch.optim.adam.Adam'>,CrossEntropyLoss(),1,True,8,372.0968017578125,367.318115234375,385.94130859375,300.3552734375,74.16291291291292,89.05405405405405,92.55255255255256,71.70229612034838,75.6215360253365,79.42992874109264,deeplift,2
0.0007,<class 'torch.optim.adam.Adam'>,CrossEntropyLoss(),1,True,8,372.1242070653059,367.3528178108597,385.9598746107607,300.35530069789627,74.16291291291292,89.05405405405405,92.55255255255256,71.70229612034838,75.6215360253365,79.42992874109264,integrated_gradients,2
0.0007,<class 'torch.optim.adam.Adam'>,CrossEntropyLoss(),1,True,8,327.6821044921875,132.531640625,343.829736328125,281.8312744140625,74.61336336336336,90.17642642642643,92.80405405405405,75.6215360253365,75.54235946159936,81.08471892319874,deeplift,3
0.0007,<class 'torch.optim.adam.Adam'>,CrossEntropyLoss(),1,True,8,327.6381415463671,132.57474060696555,343.759266920561,281.8312733375919,74.61336336336336,90.17642642642643,92.80405405405405,75.6215360253365,75.54235946159936,81.08471892319874,integrated_gradients,3
0.0007,<class 'torch.optim.adam.Adam'>,CrossEntropyLoss(),1,True,8,514.96611328125,253.2197021484375,208.457666015625,240.1361328125,75.00375375375376,89.6433933933934,92.92792792792793,71.34600158353128,77.49802058590657,79.97624703087887,deeplift,4
0.0007,<class 'torch.optim.adam.Adam'>,CrossEntropyLoss(),1,True,8,514.9718369487736,253.1806264316386,208.33084998379135,240.1361084373451,75.00375375375376,89.6433933933934,92.92792792792793,71.34600158353128,77.49802058590657,79.97624703087887,integrated_gradients,4
0.0007,<class 'torch.optim.adam.Adam'>,CrossEntropyLoss(),1,True,8,287.69404296875,360.4679931640625,150.14736328125,240.9015869140625,74.89114114114115,89.44069069069069,92.62387387387388,72.85827395091053,77.3396674584323,80.51464766429137,deeplift,5
0.0007,<class 'torch.optim.adam.Adam'>,CrossEntropyLoss(),1,True,8,287.65000864800527,360.37242262142354,150.07366879381925,240.90159082944433,74.89114114114115,89.44069069069069,92.62387387387388,72.85827395091053,77.3396674584323,80.51464766429137,integrated_gradients,5
0.0007,<class 'torch.optim.adam.Adam'>,CrossEntropyLoss(),1,True,8,254.1862548828125,162.775048828125,41.38651733398437,214.0810302734375,74.6433933933934,89.98498498498499,93.16816816816817,75.52652414885193,78.0443388756928,79.54077593032463,deeplift,6
0.0007,<class 'torch.optim.adam.Adam'>,CrossEntropyLoss(),1,True,8,254.21027554123188,162.75454741566512,41.40010783053883,214.08106197118695,74.6433933933934,89.98498498498499,93.16816816816817,75.52652414885193,78.0443388756928,79.54077593032463,integrated_gradients,6
0.0007,<class 'torch.optim.adam.Adam'>,CrossEntropyLoss(),1,True,8,288.958544921875,330.72568359375,290.6559814453125,279.2326171875,75.38663663663664,90.07507507507508,92.97297297297297,74.75851148060174,78.09976247030879,77.1654790182106,deeplift,7
0.0007,<class 'torch.optim.adam.Adam'>,CrossEntropyLoss(),1,True,8,288.851876339196,330.691069035051,290.6977893303012,279.2326433428582,75.38663663663664,90.07507507507508,92.97297297297297,74.75851148060174,78.09976247030879,77.1654790182106,integrated_gradients,7
0.0007,<class 'torch.optim.adam.Adam'>,CrossEntropyLoss(),1,True,8,361.804296875,320.53955078125,285.149658203125,257.065576171875,75.10885885885885,89.76351351351352,93.28078078078079,71.88440221694378,76.50039588281868,80.30878859857482,deeplift,8
0.0007,<class 'torch.optim.adam.Adam'>,CrossEntropyLoss(),1,True,8,361.80138564873573,320.7666673341254,285.29265671371473,257.06555342079037,75.10885885885885,89.76351351351352,93.28078078078079,71.88440221694378,76.50039588281868,80.30878859857482,integrated_gradients,8
0.0007,<class 'torch.optim.adam.Adam'>,CrossEntropyLoss(),1,True,8,130.92880859375,267.9507080078125,397.67294921875,319.9452880859375,74.74849849849849,89.72972972972973,92.50375375375376,76.94378463974664,79.27157561361837,75.70863024544735,deeplift,9
0.0007,<class 'torch.optim.adam.Adam'>,CrossEntropyLoss(),1,True,8,130.99775161265737,268.1249224000181,397.3935857665539,319.94527564335493,74.74849849849849,89.72972972972973,92.50375375375376,76.94378463974664,79.27157561361837,75.70863024544735,integrated_gradients,9
0.0007,<class 'torch.optim.adam.Adam'>,CrossEntropyLoss(),1,True,8,124.0989013671875,348.663623046875,319.327001953125,257.01005859375,74.52327327327328,89.496996996997,92.52627627627628,73.90340459224069,76.28661916072842,81.6547901821061,deeplift,10
0.0007,<class 'torch.optim.adam.Adam'>,CrossEntropyLoss(),1,True,8,124.14554783308196,348.4238203085038,319.36988858346507,257.0100595891892,74.52327327327328,89.496996996997,92.52627627627628,73.90340459224069,76.28661916072842,81.6547901821061,integrated_gradients,10
0.0007,<class 'torch.optim.adam.Adam'>,CrossEntropyLoss(),1,True,8,23.856753540039062,266.046240234375,345.76279296875,259.124072265625,75.06381381381381,89.78228228228228,92.95045045045045,71.56769596199526,71.28266033254157,79.72288202692003,deeplift,11
0.0007,<class 'torch.optim.adam.Adam'>,CrossEntropyLoss(),1,True,8,23.731925433382496,265.94795888521696,345.88164908767317,259.1240703540482,75.06381381381381,89.78228228228228,92.95045045045045,71.56769596199526,71.28266033254157,79.72288202692003,integrated_gradients,11
0.0007,<class 'torch.optim.adam.Adam'>,CrossEntropyLoss(),1,True,8,135.0027587890625,475.71259765625,314.0250244140625,227.1000732421875,74.6096096096096,89.52702702702703,92.66891891891892,75.91448931116389,74.94061757719714,80.0,deeplift,12
0.0007,<class 'torch.optim.adam.Adam'>,CrossEntropyLoss(),1,True,8,135.07521573059864,475.5664071135624,314.01948540201346,227.10012078243844,74.6096096096096,89.52702702702703,92.66891891891892,75.91448931116389,74.94061757719714,80.0,integrated_gradients,12
0.0007,<class 'torch.optim.adam.Adam'>,CrossEntropyLoss(),1,True,8,17.89136962890625,318.9963134765625,278.68779296875,226.6212890625,75.97597597597597,90.59309309309309,93.13813813813813,76.08076009501188,76.11243072050674,79.88915281076801,deeplift,13
0.0007,<class 'torch.optim.adam.Adam'>,CrossEntropyLoss(),1,True,8,17.926875897982477,318.9045049916979,278.74331928889177,226.62129325129496,75.97597597597597,90.59309309309309,93.13813813813813,76.08076009501188,76.11243072050674,79.88915281076801,integrated_gradients,13
0.0007,<class 'torch.optim.adam.Adam'>,CrossEntropyLoss(),1,True,8,202.500830078125,321.1657470703125,299.988427734375,245.043310546875,74.63963963963964,90.16141141141141,93.05555555555556,74.48139350752177,76.88836104513064,81.15597783056215,deeplift,14
0.0007,<class 'torch.optim.adam.Adam'>,CrossEntropyLoss(),1,True,8,202.45395536685473,321.058344313597,299.8792353414108,245.04330814482964,74.63963963963964,90.16141141141141,93.05555555555556,74.48139350752177,76.88836104513064,81.15597783056215,integrated_gradients,14
0.0003,<class 'torch.optim.adam.Adam'>,CrossEntropyLoss(),1,True,64,138.3543212890625,206.4333984375,138.076220703125,73.624267578125,66.48273273273273,89.29804804804805,93.37837837837837,69.62787015043547,74.71892319873318,79.20823436262866,deeplift,0
0.0003,<class 'torch.optim.adam.Adam'>,CrossEntropyLoss(),1,True,64,138.3811849097067,206.36692664950982,138.10429063895756,73.62427703056605,66.48273273273273,89.29804804804805,93.37837837837837,69.62787015043547,74.71892319873318,79.20823436262866,integrated_gradients,0
0.0003,<class 'torch.optim.adam.Adam'>,CrossEntropyLoss(),1,True,64,188.100048828125,99.270068359375,229.3214111328125,71.20864868164062,68.07057057057057,89.6921921921922,93.5548048048048,71.243072050673,78.06017418844023,79.63578780680919,deeplift,1
0.0003,<class 'torch.optim.adam.Adam'>,CrossEntropyLoss(),1,True,64,188.09966701413555,99.29401876167924,229.33240711120055,71.20864434311156,68.07057057057057,89.6921921921922,93.5548048048048,71.243072050673,78.06017418844023,79.63578780680919,integrated_gradients,1
0.0003,<class 'torch.optim.adam.Adam'>,CrossEntropyLoss(),1,True,64,167.46754150390626,128.310498046875,238.2297119140625,70.042333984375,65.07132132132132,88.27702702702703,93.03678678678679,65.83531274742676,74.24386381631037,77.29216152019002,deeplift,2
0.0003,<class 'torch.optim.adam.Adam'>,CrossEntropyLoss(),1,True,64,167.4352504763703,128.3776461180339,238.28356656750094,70.04233080435458,65.07132132132132,88.27702702702703,93.03678678678679,65.83531274742676,74.24386381631037,77.29216152019002,integrated_gradients,2
0.0003,<class 'torch.optim.adam.Adam'>,CrossEntropyLoss(),1,True,64,206.321240234375,66.49343872070312,159.6410888671875,72.9587158203125,66.77177177177177,90.03753753753753,93.75750750750751,68.9944576405384,77.26840855106889,78.14726840855107,deeplift,3
0.0003,<class 'torch.optim.adam.Adam'>,CrossEntropyLoss(),1,True,64,206.11421306227862,66.4628617174075,159.6608587119304,72.95871836956172,66.77177177177177,90.03753753753753,93.75750750750751,68.9944576405384,77.26840855106889,78.14726840855107,integrated_gradients,3
0.0003,<class 'torch.optim.adam.Adam'>,CrossEntropyLoss(),1,True,64,228.1965576171875,112.784375,198.02239990234375,71.4095458984375,67.69894894894895,88.88513513513513,93.44969969969969,66.53998416468725,76.29453681710214,77.14964370546318,deeplift,4
0.0003,<class 'torch.optim.adam.Adam'>,CrossEntropyLoss(),1,True,64,228.23528323187878,112.79253123239391,198.02507973974483,71.40954831076341,67.69894894894895,88.88513513513513,93.44969969969969,66.53998416468725,76.29453681710214,77.14964370546318,integrated_gradients,4
0.0003,<class 'torch.optim.adam.Adam'>,CrossEntropyLoss(),1,True,64,187.41064453125,152.78758544921874,178.088720703125,76.8147216796875,68.78003003003003,89.61711711711712,93.66366366366367,70.49089469517023,75.89073634204276,80.52256532066508,deeplift,5
0.0003,<class 'torch.optim.adam.Adam'>,CrossEntropyLoss(),1,True,64,187.37672607192687,152.81940616359594,178.0644538457723,76.81472645308041,68.78003003003003,89.61711711711712,93.66366366366367,70.49089469517023,75.89073634204276,80.52256532066508,integrated_gradients,5
0.0003,<class 'torch.optim.adam.Adam'>,CrossEntropyLoss(),1,True,64,153.4912841796875,36.17349853515625,55.042718505859376,63.643133544921874,65.71321321321321,88.62987987987988,93.43843843843844,67.13380839271575,76.12034837688044,75.72446555819478,deeplift,6
0.0003,<class 'torch.optim.adam.Adam'>,CrossEntropyLoss(),1,True,64,153.452576628762,36.11275731733968,55.01467871360818,63.64313405542553,65.71321321321321,88.62987987987988,93.43843843843844,67.13380839271575,76.12034837688044,75.72446555819478,integrated_gradients,6
0.0003,<class 'torch.optim.adam.Adam'>,CrossEntropyLoss(),1,True,64,129.92222900390624,169.8572021484375,96.37250366210938,61.005059814453126,66.45645645645645,88.92642642642643,93.67117117117117,67.28424386381631,74.10926365795724,75.6848772763262,deeplift,7
0.0003,<class 'torch.optim.adam.Adam'>,CrossEntropyLoss(),1,True,64,129.90984660870984,169.88314536718366,96.3586843849131,61.00505839334461,66.45645645645645,88.92642642642643,93.67117117117117,67.28424386381631,74.10926365795724,75.6848772763262,integrated_gradients,7
0.0003,<class 'torch.optim.adam.Adam'>,CrossEntropyLoss(),1,True,64,204.23089599609375,188.2705322265625,119.31865234375,72.27654418945312,64.76726726726727,86.94444444444444,92.57507507507508,67.96516231195567,72.47030878859857,75.17022961203483,deeplift,8
0.0003,<class 'torch.optim.adam.Adam'>,CrossEntropyLoss(),1,True,64,204.25336080495754,188.39671419071874,119.24181872401168,72.27654748804149,64.76726726726727,86.94444444444444,92.57507507507508,67.96516231195567,72.47030878859857,75.17022961203483,integrated_gradients,8
0.0003,<class 'torch.optim.adam.Adam'>,CrossEntropyLoss(),1,True,64,56.951446533203125,96.6513671875,99.83458862304687,63.257452392578124,65.11261261261261,88.64114114114115,93.02552552552552,70.8313539192399,75.82739509105305,78.30562153602534,deeplift,9
0.0003,<class 'torch.optim.adam.Adam'>,CrossEntropyLoss(),1,True,64,56.98599365605313,96.68209850856411,99.8181941135687,63.257449005244155,65.11261261261261,88.64114114114115,93.02552552552552,70.8313539192399,75.82739509105305,78.30562153602534,integrated_gradients,9
0.0003,<class 'torch.optim.adam.Adam'>,CrossEntropyLoss(),1,True,64,59.089697265625,196.7629150390625,149.94451904296875,67.92843017578124,66.43018018018019,88.80255255255256,93.11936936936937,70.09501187648456,75.23357086302454,77.84639746634996,deeplift,10
0.0003,<class 'torch.optim.adam.Adam'>,CrossEntropyLoss(),1,True,64,59.09935662646287,196.7486608773175,149.97514380541324,67.9284255195584,66.43018018018019,88.80255255255256,93.11936936936937,70.09501187648456,75.23357086302454,77.84639746634996,integrated_gradients,10
0.0003,<class 'torch.optim.adam.Adam'>,CrossEntropyLoss(),1,True,64,39.263125610351565,87.57146606445312,184.5035888671875,65.06923828125,67.22222222222223,90.19144144144144,94.13663663663664,70.70467141726049,76.65874901029295,78.93903404592241,deeplift,11
0.0003,<class 'torch.optim.adam.Adam'>,CrossEntropyLoss(),1,True,64,39.303580336954674,87.55903133463595,184.54692025590404,65.0692340603989,67.22222222222223,90.19144144144144,94.13663663663664,70.70467141726049,76.65874901029295,78.93903404592241,integrated_gradients,11
0.0003,<class 'torch.optim.adam.Adam'>,CrossEntropyLoss(),1,True,64,74.83334350585938,210.34697265625,211.618603515625,72.7519287109375,65.16516516516516,87.31981981981981,92.50750750750751,67.85431512272368,73.729216152019,76.60332541567696,deeplift,12
0.0003,<class 'torch.optim.adam.Adam'>,CrossEntropyLoss(),1,True,64,74.71888913952036,210.29404315387677,211.61619837663733,72.7519328697859,65.16516516516516,87.31981981981981,92.50750750750751,67.85431512272368,73.729216152019,76.60332541567696,integrated_gradients,12
0.0003,<class 'torch.optim.adam.Adam'>,CrossEntropyLoss(),1,True,64,52.059454345703124,125.55244140625,69.85255126953125,65.81845092773438,67.77777777777777,88.89264264264264,93.15690690690691,70.6571654790182,69.8258115597783,76.40538400633413,deeplift,13
0.0003,<class 'torch.optim.adam.Adam'>,CrossEntropyLoss(),1,True,64,52.07188063512855,125.58463741961855,69.84066986314234,65.81845322755738,67.77777777777777,88.89264264264264,93.15690690690691,70.6571654790182,69.8258115597783,76.40538400633413,integrated_gradients,13
0.0003,<class 'torch.optim.adam.Adam'>,CrossEntropyLoss(),1,True,64,157.673388671875,77.03785400390625,148.8499267578125,72.965234375,65.58183183183183,88.08933933933933,93.02927927927928,66.82501979414093,74.41013460015836,77.11797307996832,deeplift,14
0.0003,<class 'torch.optim.adam.Adam'>,CrossEntropyLoss(),1,True,64,157.69152859612208,77.06756855621227,148.7224522602292,72.96522232139628,65.58183183183183,88.08933933933933,93.02927927927928,66.82501979414093,74.41013460015836,77.11797307996832,integrated_gradients,14
0.0003,<class 'torch.optim.adam.Adam'>,CrossEntropyLoss(),1,True,32,157.0452880859375,237.5370361328125,155.62449951171874,94.28637084960937,71.19744744744744,91.13738738738739,94.46321321321321,72.62074425969912,77.11797307996832,80.77593032462391,deeplift,0
0.0003,<class 'torch.optim.adam.Adam'>,CrossEntropyLoss(),1,True,32,157.05920589949244,237.6423183350902,155.5840973474435,94.28636485207743,71.19744744744744,91.13738738738739,94.46321321321321,72.62074425969912,77.11797307996832,80.77593032462391,integrated_gradients,0
0.0003,<class 'torch.optim.adam.Adam'>,CrossEntropyLoss(),1,True,32,218.68642578125,114.09827880859375,283.5903076171875,88.03198852539063,72.72897897897897,91.65165165165165,94.59834834834835,74.84560570071258,79.93665874901029,80.98970704671417,deeplift,1
0.0003,<class 'torch.optim.adam.Adam'>,CrossEntropyLoss(),1,True,32,218.72257911811244,114.11777237499112,283.5980761918657,88.0319856163611,72.72897897897897,91.65165165165165,94.59834834834835,74.84560570071258,79.93665874901029,80.98970704671417,integrated_gradients,1
0.0003,<class 'torch.optim.adam.Adam'>,CrossEntropyLoss(),1,True,32,192.11053466796875,157.63880615234376,301.524853515625,75.79578247070313,70.01501501501501,90.76201201201201,94.34309309309309,68.756927949327,76.11243072050674,74.98812351543943,deeplift,2
0.0003,<class 'torch.optim.adam.Adam'>,CrossEntropyLoss(),1,True,32,192.13221443814166,157.67196856621644,301.4759662813551,75.79578268631985,70.01501501501501,90.76201201201201,94.34309309309309,68.756927949327,76.11243072050674,74.98812351543943,integrated_gradients,2
0.0003,<class 'torch.optim.adam.Adam'>,CrossEntropyLoss(),1,True,32,252.01513671875,94.98967895507812,172.56629638671876,80.85881958007812,71.9481981981982,91.58783783783784,94.86861861861861,75.39984164687253,79.31116389548694,81.16389548693587,deeplift,3
0.0003,<class 'torch.optim.adam.Adam'>,CrossEntropyLoss(),1,True,32,251.91866208494395,94.96868149924272,172.55433153561125,80.85882870367446,71.9481981981982,91.58783783783784,94.86861861861861,75.39984164687253,79.31116389548694,81.16389548693587,integrated_gradients,3
0.0003,<class 'torch.optim.adam.Adam'>,CrossEntropyLoss(),1,True,32,276.415771484375,137.081298828125,241.738720703125,71.14656982421874,72.47747747747748,91.15990990990991,94.57582582582583,70.83927157561362,76.89627870150436,79.88915281076801,deeplift,4
0.0003,<class 'torch.optim.adam.Adam'>,CrossEntropyLoss(),1,True,32,276.36659626149617,137.1277238240117,241.71689409442075,71.14655977384734,72.47747747747748,91.15990990990991,94.57582582582583,70.83927157561362,76.89627870150436,79.88915281076801,integrated_gradients,4
0.0003,<class 'torch.optim.adam.Adam'>,CrossEntropyLoss(),1,True,32,219.22841796875,183.2783203125,211.4616455078125,76.37138671875,73.40090090090091,91.79054054054055,94.74474474474475,73.55502771179731,79.1132224861441,78.97070467141727,deeplift,5
0.0003,<class 'torch.optim.adam.Adam'>,CrossEntropyLoss(),1,True,32,219.25765095430785,183.24763815747409,211.41380715306582,76.37138149395916,73.40090090090091,91.79054054054055,94.74474474474475,73.55502771179731,79.1132224861441,78.97070467141727,integrated_gradients,5
0.0003,<class 'torch.optim.adam.Adam'>,CrossEntropyLoss(),1,True,32,176.704931640625,49.074798583984375,69.74008178710938,70.49769287109375,70.61186186186187,91.28753753753753,94.6433933933934,75.18606492478226,78.77276326207442,77.65637371338084,deeplift,6
0.0003,<class 'torch.optim.adam.Adam'>,CrossEntropyLoss(),1,True,32,176.63281317698545,49.06477335547522,69.75212700930837,70.49770273036674,70.61186186186187,91.28753753753753,94.6433933933934,75.18606492478226,78.77276326207442,77.65637371338084,integrated_gradients,6
0.0003,<class 'torch.optim.adam.Adam'>,CrossEntropyLoss(),1,True,32,136.0949951171875,189.0861572265625,123.823095703125,75.2021484375,71.6891891891892,91.24624624624624,94.44444444444444,70.15835312747427,77.79889152810767,77.62470308788599,deeplift,7
0.0003,<class 'torch.optim.adam.Adam'>,CrossEntropyLoss(),1,True,32,136.13505886649446,189.14239530725465,123.90413639816322,75.20214924741136,71.6891891891892,91.24624624624624,94.44444444444444,70.15835312747427,77.79889152810767,77.62470308788599,integrated_gradients,7
0.0003,<class 'torch.optim.adam.Adam'>,CrossEntropyLoss(),1,True,32,227.3462646484375,229.1708740234375,145.1442138671875,80.95568237304687,70.27027027027027,90.63813813813813,94.41441441441441,70.13460015835312,76.95961995249407,78.79651623119557,deeplift,8
0.0003,<class 'torch.optim.adam.Adam'>,CrossEntropyLoss(),1,True,32,227.42184703384493,229.1144775295399,145.09654352261654,80.95567792394637,70.27027027027027,90.63813813813813,94.41441441441441,70.13460015835312,76.95961995249407,78.79651623119557,integrated_gradients,8
0.0003,<class 'torch.optim.adam.Adam'>,CrossEntropyLoss(),1,True,32,76.99634399414063,130.82362060546876,118.32027587890624,77.97779541015625,70.49924924924925,91.08483483483484,94.66216216216216,72.81868566904197,78.37688044338876,80.24544734758511,deeplift,9
0.0003,<class 'torch.optim.adam.Adam'>,CrossEntropyLoss(),1,True,32,77.00442816533932,130.82302587991234,118.32397455179394,77.9777793761333,70.49924924924925,91.08483483483484,94.66216216216216,72.81868566904197,78.37688044338876,80.24544734758511,integrated_gradients,9
0.0003,<class 'torch.optim.adam.Adam'>,CrossEntropyLoss(),1,True,32,97.64325561523438,232.565380859375,197.3743896484375,66.67047729492188,71.25,91.02477477477477,94.42192192192192,74.63182897862232,78.60649247822644,80.5304829770388,deeplift,10
0.0003,<class 'torch.optim.adam.Adam'>,CrossEntropyLoss(),1,True,32,97.65326459502427,232.50937376387597,197.44697676859948,66.67046563237705,71.25,91.02477477477477,94.42192192192192,74.63182897862232,78.60649247822644,80.5304829770388,integrated_gradients,10
0.0003,<class 'torch.optim.adam.Adam'>,CrossEntropyLoss(),1,True,32,42.317877197265624,116.11781005859375,229.5371826171875,66.24083251953125,72.36486486486487,92.19969969969969,94.91741741741741,74.95645288994457,79.10530482977039,80.24544734758511,deeplift,11
0.0003,<class 'torch.optim.adam.Adam'>,CrossEntropyLoss(),1,True,32,42.25181876873314,116.12589374046067,229.51173724317408,66.24082762411837,72.36486486486487,92.19969969969969,94.91741741741741,74.95645288994457,79.10530482977039,80.24544734758511,integrated_gradients,11
0.0003,<class 'torch.optim.adam.Adam'>,CrossEntropyLoss(),1,True,32,89.2416015625,252.3382080078125,261.692333984375,82.07708129882812,70.59309309309309,90.66441441441441,94.40690690690691,72.40696753760886,77.00712589073635,80.1187648456057,deeplift,12
0.0003,<class 'torch.optim.adam.Adam'>,CrossEntropyLoss(),1,True,32,89.18385725796367,252.30700288239123,261.7035163306855,82.0770793872536,70.59309309309309,90.66441441441441,94.40690690690691,72.40696753760886,77.00712589073635,80.1187648456057,integrated_gradients,12
0.0003,<class 'torch.optim.adam.Adam'>,CrossEntropyLoss(),1,True,32,65.68185424804688,161.6730712890625,71.33715209960937,66.10159301757812,72.7927927927928,91.61786786786787,94.79354354354355,74.72684085510689,75.86698337292161,80.46714172604909,deeplift,13
0.0003,<class 'torch.optim.adam.Adam'>,CrossEntropyLoss(),1,True,32,65.67379094730376,161.6753715368213,71.3572522109088,66.10159740648564,72.7927927927928,91.61786786786787,94.79354354354355,74.72684085510689,75.86698337292161,80.46714172604909,integrated_gradients,13
0.0003,<class 'torch.optim.adam.Adam'>,CrossEntropyLoss(),1,True,32,173.61304931640626,121.7802490234375,169.907421875,76.97064208984375,70.84834834834835,91.06231231231232,94.12912912912913,72.39904988123516,78.23436262866191,78.15518606492478,deeplift,14
0.0003,<class 'torch.optim.adam.Adam'>,CrossEntropyLoss(),1,True,32,173.68463818508948,121.75216425115282,169.96067111626954,76.97063346149336,70.84834834834835,91.06231231231232,94.12912912912913,72.39904988123516,78.23436262866191,78.15518606492478,integrated_gradients,14
0.0003,<class 'torch.optim.adam.Adam'>,CrossEntropyLoss(),1,True,16,170.9733642578125,228.84365234375,141.52427978515624,105.75194091796875,74.44444444444444,91.44144144144144,94.82732732732732,74.46555819477435,79.03404592240696,80.07917656373714,deeplift,0
0.0003,<class 'torch.optim.adam.Adam'>,CrossEntropyLoss(),1,True,16,170.99822440551932,228.87221025462787,141.60689107184007,105.75194643773841,74.44444444444444,91.44144144144144,94.82732732732732,74.46555819477435,79.03404592240696,80.07917656373714,integrated_gradients,0
0.0003,<class 'torch.optim.adam.Adam'>,CrossEntropyLoss(),1,True,16,243.8366943359375,111.6245361328125,304.294091796875,95.50595092773438,75.79954954954955,92.27852852852853,94.41816816816817,77.1575613618369,78.52731591448931,79.66745843230404,deeplift,1
0.0003,<class 'torch.optim.adam.Adam'>,CrossEntropyLoss(),1,True,16,243.90387552224882,111.58270204190217,304.2903200482875,95.50596666941814,75.79954954954955,92.27852852852853,94.41816816816817,77.1575613618369,78.52731591448931,79.66745843230404,integrated_gradients,1
0.0003,<class 'torch.optim.adam.Adam'>,CrossEntropyLoss(),1,True,16,200.1451904296875,174.1076171875,328.7262939453125,92.95960693359375,73.56981981981981,91.6891891891892,94.62087087087087,72.35946159936658,77.82264449722882,79.6437054631829,deeplift,2
0.0003,<class 'torch.optim.adam.Adam'>,CrossEntropyLoss(),1,True,16,200.1708816233596,174.0699641569777,328.7913711533974,92.95963056370888,73.56981981981981,91.6891891891892,94.62087087087087,72.35946159936658,77.82264449722882,79.6437054631829,integrated_gradients,2
0.0003,<class 'torch.optim.adam.Adam'>,CrossEntropyLoss(),1,True,16,214.50751953125,54.822869873046876,175.84833984375,90.21700439453124,75.56681681681681,92.70645645645645,94.87612612612612,77.88598574821853,78.66191607284244,81.40142517814726,deeplift,3
0.0003,<class 'torch.optim.adam.Adam'>,CrossEntropyLoss(),1,True,16,214.49571430430814,54.864729732993396,175.8364085810927,90.21699863286635,75.56681681681681,92.70645645645645,94.87612612612612,77.88598574821853,78.66191607284244,81.40142517814726,integrated_gradients,3
0.0003,<class 'torch.optim.adam.Adam'>,CrossEntropyLoss(),1,True,16,298.530224609375,130.97410888671874,240.89189453125,71.31487426757812,75.09384384384384,91.67417417417417,94.47072072072072,73.42834520981789,80.06334125098971,80.19794140934283,deeplift,4
0.0003,<class 'torch.optim.adam.Adam'>,CrossEntropyLoss(),1,True,16,298.49967645160586,130.97504797443398,241.00171118506177,71.31486864496262,75.09384384384384,91.67417417417417,94.47072072072072,73.42834520981789,80.06334125098971,80.19794140934283,integrated_gradients,4
0.0003,<class 'torch.optim.adam.Adam'>,CrossEntropyLoss(),1,True,16,225.9054931640625,183.78638916015626,206.42197265625,69.569091796875,75.86336336336336,92.41366366366367,94.65090090090091,76.16785431512272,77.56927949326999,80.86302454473476,deeplift,5
0.0003,<class 'torch.optim.adam.Adam'>,CrossEntropyLoss(),1,True,16,225.99078922432506,183.75275130767352,206.39580801187307,69.56909812123496,75.86336336336336,92.41366366366367,94.65090090090091,76.16785431512272,77.56927949326999,80.86302454473476,integrated_gradients,5
0.0003,<class 'torch.optim.adam.Adam'>,CrossEntropyLoss(),1,True,16,205.0973876953125,40.568572998046875,46.752377319335935,81.74732055664063,74.02027027027027,92.13213213213213,94.87237237237237,75.46318289786224,79.1132224861441,77.83056215360253,deeplift,6
0.0003,<class 'torch.optim.adam.Adam'>,CrossEntropyLoss(),1,True,16,205.02235517847686,40.58682404359225,46.749732453592024,81.7473291442833,74.02027027027027,92.13213213213213,94.87237237237237,75.46318289786224,79.1132224861441,77.83056215360253,integrated_gradients,6
0.0003,<class 'torch.optim.adam.Adam'>,CrossEntropyLoss(),1,True,16,158.853173828125,208.78349609375,140.76405029296876,72.6179931640625,75.24024024024024,92.23723723723724,94.66966966966967,75.22565320665083,77.68012668250198,79.56452889944576,deeplift,7
0.0003,<class 'torch.optim.adam.Adam'>,CrossEntropyLoss(),1,True,16,158.85626480538212,208.81758507898718,140.6704382889851,72.61799354618346,75.24024024024024,92.23723723723724,94.66966966966967,75.22565320665083,77.68012668250198,79.56452889944576,integrated_gradients,7
0.0003,<class 'torch.optim.adam.Adam'>,CrossEntropyLoss(),1,True,16,285.3959716796875,245.7422119140625,153.140576171875,86.8335693359375,73.78378378378379,91.81306306306307,94.81231231231232,71.7181314330958,75.7957244655582,79.04196357878068,deeplift,8
0.0003,<class 'torch.optim.adam.Adam'>,CrossEntropyLoss(),1,True,16,285.5657130263326,245.62783775996687,153.2255601190417,86.83358385099069,73.78378378378379,91.81306306306307,94.81231231231232,71.7181314330958,75.7957244655582,79.04196357878068,integrated_gradients,8
0.0003,<class 'torch.optim.adam.Adam'>,CrossEntropyLoss(),1,True,16,140.3317626953125,148.47303466796876,143.3565185546875,89.86181640625,74.07282282282283,92.25225225225225,95.10885885885885,76.75376088677751,79.57244655581948,79.53285827395091,deeplift,9
0.0003,<class 'torch.optim.adam.Adam'>,CrossEntropyLoss(),1,True,16,140.31721572250828,148.40585635567157,143.3594841058116,89.86182572278362,74.07282282282283,92.25225225225225,95.10885885885885,76.75376088677751,79.57244655581948,79.53285827395091,integrated_gradients,9
0.0003,<class 'torch.optim.adam.Adam'>,CrossEntropyLoss(),1,True,16,103.69732666015625,270.7364501953125,253.5907958984375,83.6919189453125,74.3018018018018,91.8018018018018,94.61336336336336,74.69517022961203,79.07363420427554,80.6571654790182,deeplift,10
0.0003,<class 'torch.optim.adam.Adam'>,CrossEntropyLoss(),1,True,16,103.5869612104791,270.6796202968016,253.69022864453467,83.69190934577014,74.3018018018018,91.8018018018018,94.61336336336336,74.69517022961203,79.07363420427554,80.6571654790182,integrated_gradients,10
0.0003,<class 'torch.optim.adam.Adam'>,CrossEntropyLoss(),1,True,16,42.04176330566406,129.494580078125,248.236767578125,81.24188842773438,75.54429429429429,92.70645645645645,94.73348348348348,77.26049089469517,76.99129057798892,79.51702296120348,deeplift,11
0.0003,<class 'torch.optim.adam.Adam'>,CrossEntropyLoss(),1,True,16,42.02039647268301,129.49111368800106,248.29304903046665,81.24189503581769,75.54429429429429,92.70645645645645,94.73348348348348,77.26049089469517,76.99129057798892,79.51702296120348,integrated_gradients,11
0.0003,<class 'torch.optim.adam.Adam'>,CrossEntropyLoss(),1,True,16,82.52220458984375,299.222509765625,291.4291748046875,97.62823486328125,74.16666666666667,91.76426426426427,94.84984984984985,75.65320665083135,77.65637371338084,81.26682501979414,deeplift,12
0.0003,<class 'torch.optim.adam.Adam'>,CrossEntropyLoss(),1,True,16,82.58041227531477,299.1567525620849,291.5113612528257,97.6282277315269,74.16666666666667,91.76426426426427,94.84984984984985,75.65320665083135,77.65637371338084,81.26682501979414,integrated_gradients,12
0.0003,<class 'torch.optim.adam.Adam'>,CrossEntropyLoss(),1,True,16,73.8363037109375,171.40810546875,74.516748046875,67.62964477539063,75.75825825825825,92.60135135135135,95.26651651651652,77.02296120348377,77.05463182897863,80.1741884402217,deeplift,13
0.0003,<class 'torch.optim.adam.Adam'>,CrossEntropyLoss(),1,True,16,73.85927640818892,171.42891255502292,74.54199997563929,67.62964088075546,75.75825825825825,92.60135135135135,95.26651651651652,77.02296120348377,77.05463182897863,80.1741884402217,integrated_gradients,13
0.0003,<class 'torch.optim.adam.Adam'>,CrossEntropyLoss(),1,True,16,174.794921875,145.32333984375,159.53115234375,90.82394409179688,74.40690690690691,91.86186186186187,94.58333333333333,73.15122723673792,76.64291369754552,78.77276326207442,deeplift,14
0.0003,<class 'torch.optim.adam.Adam'>,CrossEntropyLoss(),1,True,16,174.80956945779425,145.32590064265347,159.51198588252842,90.82394567857472,74.40690690690691,91.86186186186187,94.58333333333333,73.15122723673792,76.64291369754552,78.77276326207442,integrated_gradients,14
0.0003,<class 'torch.optim.adam.Adam'>,CrossEntropyLoss(),1,True,8,196.5613525390625,224.098388671875,156.897265625,139.2758544921875,75.82582582582583,91.47147147147147,94.38813813813813,75.42359461599366,76.88836104513064,80.38004750593824,deeplift,0
0.0003,<class 'torch.optim.adam.Adam'>,CrossEntropyLoss(),1,True,8,196.54341459933917,224.08068206008002,156.94226600587413,139.2758442216208,75.82582582582583,91.47147147147147,94.38813813813813,75.42359461599366,76.88836104513064,80.38004750593824,integrated_gradients,0
0.0003,<class 'torch.optim.adam.Adam'>,CrossEntropyLoss(),1,True,8,263.1783203125,113.625830078125,286.82705078125,101.6803466796875,76.96321321321321,91.71171171171171,94.44069069069069,78.06809184481394,77.54552652414885,77.60886777513856,deeplift,1
0.0003,<class 'torch.optim.adam.Adam'>,CrossEntropyLoss(),1,True,8,263.2921316401212,113.65403627298664,286.76961865694574,101.68034441590159,76.96321321321321,91.71171171171171,94.44069069069069,78.06809184481394,77.54552652414885,77.60886777513856,integrated_gradients,1
0.0003,<class 'torch.optim.adam.Adam'>,CrossEntropyLoss(),1,True,8,202.1965087890625,197.469482421875,309.4085693359375,106.6434814453125,74.9024024024024,91.34384384384384,94.32807807807808,72.37529691211401,78.3372921615202,80.14251781472684,deeplift,2
0.0003,<class 'torch.optim.adam.Adam'>,CrossEntropyLoss(),1,True,8,202.20549070155363,197.47832930476142,309.43663954251485,106.64348380639782,74.9024024024024,91.34384384384384,94.32807807807808,72.37529691211401,78.3372921615202,80.14251781472684,integrated_gradients,2
0.0003,<class 'torch.optim.adam.Adam'>,CrossEntropyLoss(),1,True,8,178.183642578125,-4.118931579589844,127.0878173828125,109.6404052734375,76.48273273273273,92.19594594594595,94.55705705705705,77.17339667458432,78.09184481393507,81.11638954869359,deeplift,3
0.0003,<class 'torch.optim.adam.Adam'>,CrossEntropyLoss(),1,True,8,178.4519410020539,-4.089948673705078,127.11504197149375,109.64041509952827,76.48273273273273,92.19594594594595,94.55705705705705,77.17339667458432,78.09184481393507,81.11638954869359,integrated_gradients,3
0.0003,<class 'torch.optim.adam.Adam'>,CrossEntropyLoss(),1,True,8,277.264013671875,93.780908203125,194.56312255859376,80.70927734375,76.31756756756756,91.48273273273273,94.10285285285285,72.3119556611243,82.10609659540776,82.73950910530483,deeplift,4
0.0003,<class 'torch.optim.adam.Adam'>,CrossEntropyLoss(),1,True,8,277.3274260823396,93.69337346688873,194.5081313405028,80.70927400451308,76.31756756756756,91.48273273273273,94.10285285285285,72.3119556611243,82.10609659540776,82.73950910530483,integrated_gradients,4
0.0003,<class 'torch.optim.adam.Adam'>,CrossEntropyLoss(),1,True,8,205.102880859375,156.50531005859375,159.62218017578124,106.505029296875,77.08708708708708,91.79429429429429,94.50075075075075,74.6793349168646,76.19952494061758,81.15597783056215,deeplift,5
0.0003,<class 'torch.optim.adam.Adam'>,CrossEntropyLoss(),1,True,8,205.0657462995478,156.5728508514782,159.61138447935286,106.50503984094607,77.08708708708708,91.79429429429429,94.50075075075075,74.6793349168646,76.19952494061758,81.15597783056215,integrated_gradients,5
0.0003,<class 'torch.optim.adam.Adam'>,CrossEntropyLoss(),1,True,8,175.6214111328125,-31.981704711914062,-25.748828125,94.9515625,76.11861861861861,92.26726726726727,94.62087087087087,76.53206650831353,80.90261282660333,81.45684877276327,deeplift,6
0.0003,<class 'torch.optim.adam.Adam'>,CrossEntropyLoss(),1,True,8,175.74964305454688,-32.01225881277548,-25.74532837645242,94.95155372374326,76.11861861861861,92.26726726726727,94.62087087087087,76.53206650831353,80.90261282660333,81.45684877276327,integrated_gradients,6
0.0003,<class 'torch.optim.adam.Adam'>,CrossEntropyLoss(),1,True,8,155.27967529296876,203.23072509765626,136.5335205078125,99.63270263671875,76.6891891891892,92.07582582582583,94.68468468468468,76.14410134600158,80.40380047505938,80.53840063341251,deeplift,7
0.0003,<class 'torch.optim.adam.Adam'>,CrossEntropyLoss(),1,True,8,155.37052191540724,203.406014810481,136.60742796240322,99.63271489248956,76.6891891891892,92.07582582582583,94.68468468468468,76.14410134600158,80.40380047505938,80.53840063341251,integrated_gradients,7
0.0003,<class 'torch.optim.adam.Adam'>,CrossEntropyLoss(),1,True,8,247.150830078125,189.496484375,108.02037353515625,103.5706787109375,75.74324324324324,91.80555555555556,94.68093093093093,71.97941409342835,76.55581947743468,81.64687252573238,deeplift,8
0.0003,<class 'torch.optim.adam.Adam'>,CrossEntropyLoss(),1,True,8,247.15878016567325,189.58921619380357,107.93415581305297,103.57067542895943,75.74324324324324,91.80555555555556,94.68093093093093,71.97941409342835,76.55581947743468,81.64687252573238,integrated_gradients,8
0.0003,<class 'torch.optim.adam.Adam'>,CrossEntropyLoss(),1,True,8,115.09783935546875,152.8230712890625,164.87354736328126,118.45797119140624,76.40765765765765,91.62162162162163,94.24174174174175,79.16072842438638,80.7125890736342,79.58828186856691,deeplift,9
0.0003,<class 'torch.optim.adam.Adam'>,CrossEntropyLoss(),1,True,8,114.91029947274922,152.795580171326,164.89636393723734,118.45795565309773,76.40765765765765,91.62162162162163,94.24174174174175,79.16072842438638,80.7125890736342,79.58828186856691,integrated_gradients,9
0.0003,<class 'torch.optim.adam.Adam'>,CrossEntropyLoss(),1,True,8,59.919549560546876,254.4259033203125,242.4270263671875,73.49345703125,75.73948948948949,91.54654654654655,94.32807807807808,74.46555819477435,77.02296120348377,81.61520190023752,deeplift,10
0.0003,<class 'torch.optim.adam.Adam'>,CrossEntropyLoss(),1,True,8,59.914159346208336,254.50966845852577,242.36768516624528,73.49346722933444,75.73948948948949,91.54654654654655,94.32807807807808,74.46555819477435,77.02296120348377,81.61520190023752,integrated_gradients,10
0.0003,<class 'torch.optim.adam.Adam'>,CrossEntropyLoss(),1,True,8,-23.714474487304688,129.247412109375,205.0560546875,118.34259033203125,76.82807807807808,92.27852852852853,94.50450450450451,73.87965162311956,75.5106888361045,80.30087094220112,deeplift,11
0.0003,<class 'torch.optim.adam.Adam'>,CrossEntropyLoss(),1,True,8,-23.689690822749824,129.30871672938983,205.04873599058382,118.34257606824717,76.82807807807808,92.27852852852853,94.50450450450451,73.87965162311956,75.5106888361045,80.30087094220112,integrated_gradients,11
0.0003,<class 'torch.optim.adam.Adam'>,CrossEntropyLoss(),1,True,8,63.57053833007812,312.784521484375,260.0986328125,95.63876342773438,76.02477477477477,91.65165165165165,94.7897897897898,76.18368962787015,79.08946951702296,78.52731591448931,deeplift,12
0.0003,<class 'torch.optim.adam.Adam'>,CrossEntropyLoss(),1,True,8,63.57473575329904,312.73442419829973,260.2353905446481,95.63877077956626,76.02477477477477,91.65165165165165,94.7897897897898,76.18368962787015,79.08946951702296,78.52731591448931,integrated_gradients,12
0.0003,<class 'torch.optim.adam.Adam'>,CrossEntropyLoss(),1,True,8,-10.98035888671875,157.5131103515625,67.29913330078125,84.07601928710938,77.16966966966967,92.17342342342343,94.98498498498499,75.85114806017418,78.21060965954078,80.41963578780681,deeplift,13
0.0003,<class 'torch.optim.adam.Adam'>,CrossEntropyLoss(),1,True,8,-10.934542229498312,157.5809999549908,67.31547209009055,84.07602674064755,77.16966966966967,92.17342342342343,94.98498498498499,75.85114806017418,78.21060965954078,80.41963578780681,integrated_gradients,13
0.0003,<class 'torch.optim.adam.Adam'>,CrossEntropyLoss(),1,True,8,144.9976806640625,151.699365234375,118.027392578125,96.67806396484374,75.990990990991,91.65915915915916,94.32807807807808,76.73792557403009,76.64291369754552,81.46476642913697,deeplift,14
0.0003,<class 'torch.optim.adam.Adam'>,CrossEntropyLoss(),1,True,8,144.96470412939195,151.75849321490298,118.07246886751986,96.6780627640823,75.990990990991,91.65915915915916,94.32807807807808,76.73792557403009,76.64291369754552,81.46476642913697,integrated_gradients,14
