initial_lr,optimizer,criterion,train_data_used,train_set_shuffle,train_batch_size,branch1.0,branch2.0,branch3.0,branch4.0,train accuracy epoch0,test accuracy epoch0,method,run
0.001,<class 'torch.optim.adam.Adam'>,CrossEntropyLoss(),1,True,64,129.87681884765624,124.26800537109375,32.47928161621094,171.4916015625,85.51,87.02,deeplift,0
0.001,<class 'torch.optim.adam.Adam'>,CrossEntropyLoss(),1,True,64,129.58572512514922,124.40508956400872,32.44389898113887,171.491617201022,85.51,87.02,integrated_gradients,0
0.001,<class 'torch.optim.adam.Adam'>,CrossEntropyLoss(),1,True,64,55.75826416015625,82.47767333984375,80.79391479492188,183.2233642578125,84.92,87.94,deeplift,1
0.001,<class 'torch.optim.adam.Adam'>,CrossEntropyLoss(),1,True,64,55.40204950557891,82.40488929316878,80.71107366680329,183.2233586686553,84.92,87.94,integrated_gradients,1
0.001,<class 'torch.optim.adam.Adam'>,CrossEntropyLoss(),1,True,64,85.65709228515625,71.86641845703124,55.22025146484375,169.57799072265624,85.21833333333333,86.21,deeplift,2
0.001,<class 'torch.optim.adam.Adam'>,CrossEntropyLoss(),1,True,64,85.29299199615343,71.79258304101104,54.951029840333945,169.57797354536967,85.21833333333333,86.21,integrated_gradients,2
0.001,<class 'torch.optim.adam.Adam'>,CrossEntropyLoss(),1,True,64,71.91199951171875,52.965032958984374,79.71644287109375,169.72486572265626,85.33,88.2,deeplift,3
0.001,<class 'torch.optim.adam.Adam'>,CrossEntropyLoss(),1,True,64,72.40596757174615,52.948435558069285,79.50406120524447,169.72486896006058,85.33,88.2,integrated_gradients,3
0.001,<class 'torch.optim.adam.Adam'>,CrossEntropyLoss(),1,True,64,101.91320190429687,60.3266357421875,89.76091918945312,164.09478759765625,85.11833333333334,87.41,deeplift,4
0.001,<class 'torch.optim.adam.Adam'>,CrossEntropyLoss(),1,True,64,102.06819419738228,60.48530733989717,89.81388062648588,164.09478353793978,85.11833333333334,87.41,integrated_gradients,4
0.001,<class 'torch.optim.adam.Adam'>,CrossEntropyLoss(),1,True,64,85.7720703125,106.16654052734376,50.80531005859375,182.73194580078126,85.255,87.57,deeplift,5
0.001,<class 'torch.optim.adam.Adam'>,CrossEntropyLoss(),1,True,64,85.55729055077278,106.50549369637697,50.955253215511675,182.73194752605414,85.255,87.57,integrated_gradients,5
0.001,<class 'torch.optim.adam.Adam'>,CrossEntropyLoss(),1,True,64,54.071954345703126,95.98880615234376,89.6717041015625,205.78935546875,85.07166666666667,85.63,deeplift,6
0.001,<class 'torch.optim.adam.Adam'>,CrossEntropyLoss(),1,True,64,54.01045068295495,96.18561397426645,89.7813412808493,205.7893673678655,85.07166666666667,85.63,integrated_gradients,6
0.001,<class 'torch.optim.adam.Adam'>,CrossEntropyLoss(),1,True,64,136.212890625,69.50240478515624,57.458856201171876,161.0809326171875,84.96666666666667,87.89,deeplift,7
0.001,<class 'torch.optim.adam.Adam'>,CrossEntropyLoss(),1,True,64,135.9432088721471,69.70638385425409,57.66510536644783,161.08092093125254,84.96666666666667,87.89,integrated_gradients,7
0.001,<class 'torch.optim.adam.Adam'>,CrossEntropyLoss(),1,True,64,116.17242431640625,46.50828552246094,94.7978271484375,160.99114990234375,85.33666666666667,87.72,deeplift,8
0.001,<class 'torch.optim.adam.Adam'>,CrossEntropyLoss(),1,True,64,115.89596086750439,46.64272438328749,94.87381410891543,160.9911416861754,85.33666666666667,87.72,integrated_gradients,8
0.001,<class 'torch.optim.adam.Adam'>,CrossEntropyLoss(),1,True,64,107.703271484375,77.8331787109375,129.2209228515625,170.04677734375,85.28666666666666,88.19,deeplift,9
0.001,<class 'torch.optim.adam.Adam'>,CrossEntropyLoss(),1,True,64,107.80689458469234,78.05094556718362,128.81411220942337,170.0468020973407,85.28666666666666,88.19,integrated_gradients,9
0.001,<class 'torch.optim.adam.Adam'>,CrossEntropyLoss(),1,True,64,95.04525756835938,33.80668334960937,125.5287109375,187.5070556640625,85.225,88.14,deeplift,10
0.001,<class 'torch.optim.adam.Adam'>,CrossEntropyLoss(),1,True,64,95.16814433862686,33.69064914555855,125.30881950269199,187.50705660515885,85.225,88.14,integrated_gradients,10
0.001,<class 'torch.optim.adam.Adam'>,CrossEntropyLoss(),1,True,64,108.03046875,91.01282958984375,40.26078491210937,161.0175048828125,85.11333333333333,87.25,deeplift,11
0.001,<class 'torch.optim.adam.Adam'>,CrossEntropyLoss(),1,True,64,108.05383188752214,90.75642613787203,40.18783130473224,161.01749142643914,85.11333333333333,87.25,integrated_gradients,11
0.001,<class 'torch.optim.adam.Adam'>,CrossEntropyLoss(),1,True,64,105.57008056640625,84.5445068359375,50.34463195800781,164.66795654296874,84.99833333333333,87.74,deeplift,12
0.001,<class 'torch.optim.adam.Adam'>,CrossEntropyLoss(),1,True,64,105.83428371982276,84.02869658538573,50.17670047783039,164.66794869398626,84.99833333333333,87.74,integrated_gradients,12
0.001,<class 'torch.optim.adam.Adam'>,CrossEntropyLoss(),1,True,64,84.95084228515626,67.70421142578125,119.132568359375,168.41700439453126,85.01833333333333,87.46,deeplift,13
0.001,<class 'torch.optim.adam.Adam'>,CrossEntropyLoss(),1,True,64,85.25761079511804,67.87693514451189,119.13021910487582,168.41698537096474,85.01833333333333,87.46,integrated_gradients,13
0.001,<class 'torch.optim.adam.Adam'>,CrossEntropyLoss(),1,True,64,126.5655517578125,38.799990844726565,49.255914306640626,199.84093017578124,84.77,88.18,deeplift,14
0.001,<class 'torch.optim.adam.Adam'>,CrossEntropyLoss(),1,True,64,127.27190860362268,38.7704037257988,48.656137985829524,199.8409191652065,84.77,88.18,integrated_gradients,14
0.001,<class 'torch.optim.adam.Adam'>,CrossEntropyLoss(),1,True,32,73.92214965820312,127.190625,25.027955627441408,216.463525390625,85.70666666666666,85.62,deeplift,0
0.001,<class 'torch.optim.adam.Adam'>,CrossEntropyLoss(),1,True,32,73.81646156442758,127.31202537630277,25.02773951657571,216.4635190880952,85.70666666666666,85.62,integrated_gradients,0
0.001,<class 'torch.optim.adam.Adam'>,CrossEntropyLoss(),1,True,32,56.193701171875,46.75673217773438,63.47105712890625,217.8634033203125,85.18333333333334,87.18,deeplift,1
0.001,<class 'torch.optim.adam.Adam'>,CrossEntropyLoss(),1,True,32,55.81287212191783,46.86422324924801,63.19372488232726,217.8634067331749,85.18333333333334,87.18,integrated_gradients,1
0.001,<class 'torch.optim.adam.Adam'>,CrossEntropyLoss(),1,True,32,89.87310791015625,55.45512084960937,29.97425537109375,193.52392578125,85.44,87.15,deeplift,2
0.001,<class 'torch.optim.adam.Adam'>,CrossEntropyLoss(),1,True,32,89.85467594836201,55.5600490199491,30.113255924577043,193.5239144326414,85.44,87.15,integrated_gradients,2
0.001,<class 'torch.optim.adam.Adam'>,CrossEntropyLoss(),1,True,32,60.88729248046875,41.03834838867188,56.9042724609375,199.8920166015625,85.76833333333333,87.37,deeplift,3
0.001,<class 'torch.optim.adam.Adam'>,CrossEntropyLoss(),1,True,32,60.61277389018311,40.829872975279514,56.874181813460964,199.8920180102233,85.76833333333333,87.37,integrated_gradients,3
0.001,<class 'torch.optim.adam.Adam'>,CrossEntropyLoss(),1,True,32,49.024200439453125,49.79385681152344,81.03231811523438,207.700048828125,85.39333333333333,87.53,deeplift,4
0.001,<class 'torch.optim.adam.Adam'>,CrossEntropyLoss(),1,True,32,48.730370959679234,49.67882593441613,80.49861314634683,207.70004465755102,85.39333333333333,87.53,integrated_gradients,4
0.001,<class 'torch.optim.adam.Adam'>,CrossEntropyLoss(),1,True,32,54.826422119140624,72.34841918945312,44.32827453613281,216.90029296875,85.41333333333333,87.84,deeplift,5
0.001,<class 'torch.optim.adam.Adam'>,CrossEntropyLoss(),1,True,32,54.84305872193877,71.96675992398242,44.32440301807319,216.90029902276075,85.41333333333333,87.84,integrated_gradients,5
0.001,<class 'torch.optim.adam.Adam'>,CrossEntropyLoss(),1,True,32,48.22672119140625,63.512017822265626,63.56026611328125,241.464013671875,85.325,87.46,deeplift,6
0.001,<class 'torch.optim.adam.Adam'>,CrossEntropyLoss(),1,True,32,48.172164191180514,63.08078881127021,63.56273011172827,241.46399905201253,85.325,87.46,integrated_gradients,6
0.001,<class 'torch.optim.adam.Adam'>,CrossEntropyLoss(),1,True,32,77.97685546875,40.70437927246094,43.623779296875,202.76148681640626,85.28833333333333,88.34,deeplift,7
0.001,<class 'torch.optim.adam.Adam'>,CrossEntropyLoss(),1,True,32,77.09910953393069,40.361717163280076,43.75676593244162,202.76148293134122,85.28833333333333,88.34,integrated_gradients,7
0.001,<class 'torch.optim.adam.Adam'>,CrossEntropyLoss(),1,True,32,81.82092895507813,42.32498779296875,55.32520751953125,193.21197509765625,85.575,87.19,deeplift,8
0.001,<class 'torch.optim.adam.Adam'>,CrossEntropyLoss(),1,True,32,81.9201981428479,42.38016588650013,55.621465954311,193.21197148854355,85.575,87.19,integrated_gradients,8
0.001,<class 'torch.optim.adam.Adam'>,CrossEntropyLoss(),1,True,32,68.587890625,45.8546142578125,97.68433227539063,206.7414306640625,85.59,88.32,deeplift,9
0.001,<class 'torch.optim.adam.Adam'>,CrossEntropyLoss(),1,True,32,68.8612990147726,45.85619768187787,97.78923800948226,206.74142623585098,85.59,88.32,integrated_gradients,9
0.001,<class 'torch.optim.adam.Adam'>,CrossEntropyLoss(),1,True,32,56.965032958984374,21.5137451171875,49.90911865234375,219.2551025390625,85.40166666666667,87.4,deeplift,10
0.001,<class 'torch.optim.adam.Adam'>,CrossEntropyLoss(),1,True,32,56.456050796511555,21.34094713189787,49.92207860719954,219.25508728002484,85.40166666666667,87.4,integrated_gradients,10
0.001,<class 'torch.optim.adam.Adam'>,CrossEntropyLoss(),1,True,32,88.19312133789063,72.63220825195313,24.67045440673828,190.625732421875,85.34333333333333,87.37,deeplift,11
0.001,<class 'torch.optim.adam.Adam'>,CrossEntropyLoss(),1,True,32,88.24232726677228,72.67179496034503,24.62646529489194,190.62575833412544,85.34333333333333,87.37,integrated_gradients,11
0.001,<class 'torch.optim.adam.Adam'>,CrossEntropyLoss(),1,True,32,58.354888916015625,56.34537353515625,42.67610168457031,193.774560546875,85.36,87.85,deeplift,12
0.001,<class 'torch.optim.adam.Adam'>,CrossEntropyLoss(),1,True,32,58.30230020797539,56.36938659694543,42.54975996211074,193.7745819584177,85.36,87.85,integrated_gradients,12
0.001,<class 'torch.optim.adam.Adam'>,CrossEntropyLoss(),1,True,32,60.9975341796875,59.547186279296874,65.7931396484375,209.3032470703125,85.33,87.62,deeplift,13
0.001,<class 'torch.optim.adam.Adam'>,CrossEntropyLoss(),1,True,32,60.8047313844247,59.756815657687504,65.76393920815153,209.30323308018927,85.33,87.62,integrated_gradients,13
0.001,<class 'torch.optim.adam.Adam'>,CrossEntropyLoss(),1,True,32,86.75580444335938,30.045111083984374,37.87644958496094,232.7013427734375,85.205,87.08,deeplift,14
0.001,<class 'torch.optim.adam.Adam'>,CrossEntropyLoss(),1,True,32,86.74853639134041,30.02574998444765,37.951273065965914,232.70133011281422,85.205,87.08,integrated_gradients,14
0.001,<class 'torch.optim.adam.Adam'>,CrossEntropyLoss(),1,True,16,29.826754760742187,125.47479248046875,19.700408935546875,250.4018798828125,85.51333333333334,87.37,deeplift,0
0.001,<class 'torch.optim.adam.Adam'>,CrossEntropyLoss(),1,True,16,29.815429880005517,125.1818979499545,19.701326915125108,250.40187635368756,85.51333333333334,87.37,integrated_gradients,0
0.001,<class 'torch.optim.adam.Adam'>,CrossEntropyLoss(),1,True,16,53.04256591796875,37.10545043945312,56.094580078125,252.05595703125,85.36833333333334,87.14,deeplift,1
0.001,<class 'torch.optim.adam.Adam'>,CrossEntropyLoss(),1,True,16,53.07292356966052,37.13393958898026,55.79112020678225,252.055952245058,85.36833333333334,87.14,integrated_gradients,1
0.001,<class 'torch.optim.adam.Adam'>,CrossEntropyLoss(),1,True,16,80.54473876953125,39.44674987792969,27.325238037109376,237.0001953125,85.29833333333333,86.37,deeplift,2
0.001,<class 'torch.optim.adam.Adam'>,CrossEntropyLoss(),1,True,16,80.57571977116909,39.50718529370889,27.13764111969765,237.00018330341305,85.29833333333333,86.37,integrated_gradients,2
0.001,<class 'torch.optim.adam.Adam'>,CrossEntropyLoss(),1,True,16,41.41170043945313,38.315127563476565,22.788612365722656,247.29091796875,85.59,87.28,deeplift,3
0.001,<class 'torch.optim.adam.Adam'>,CrossEntropyLoss(),1,True,16,41.60064474844411,38.163078328516534,22.770629011010342,247.29090071498604,85.59,87.28,integrated_gradients,3
0.001,<class 'torch.optim.adam.Adam'>,CrossEntropyLoss(),1,True,16,26.995455932617187,38.89448547363281,74.93026123046874,251.7240966796875,85.345,87.72,deeplift,4
0.001,<class 'torch.optim.adam.Adam'>,CrossEntropyLoss(),1,True,16,27.009199583611473,39.19118857064352,75.38019911879735,251.72410523294366,85.345,87.72,integrated_gradients,4
0.001,<class 'torch.optim.adam.Adam'>,CrossEntropyLoss(),1,True,16,43.45579528808594,73.5810791015625,38.029052734375,256.73466796875,85.33833333333334,87.28,deeplift,5
0.001,<class 'torch.optim.adam.Adam'>,CrossEntropyLoss(),1,True,16,43.435134219952246,73.15612073908633,38.09047232105281,256.73466376377075,85.33833333333334,87.28,integrated_gradients,5
0.001,<class 'torch.optim.adam.Adam'>,CrossEntropyLoss(),1,True,16,33.62403564453125,67.0082275390625,67.29798583984375,279.5544921875,85.335,87.29,deeplift,6
0.001,<class 'torch.optim.adam.Adam'>,CrossEntropyLoss(),1,True,16,33.61040979923677,67.06204567637783,67.30740262923761,279.55453118318695,85.335,87.29,integrated_gradients,6
0.001,<class 'torch.optim.adam.Adam'>,CrossEntropyLoss(),1,True,16,57.87987060546875,40.55624694824219,25.318258666992186,222.6984619140625,85.27,87.61,deeplift,7
0.001,<class 'torch.optim.adam.Adam'>,CrossEntropyLoss(),1,True,16,58.17449020044957,40.34591354736196,25.291403632025762,222.6984340588803,85.27,87.61,integrated_gradients,7
0.001,<class 'torch.optim.adam.Adam'>,CrossEntropyLoss(),1,True,16,71.45435180664063,25.95533447265625,43.99393005371094,248.5567138671875,85.64666666666666,87.18,deeplift,8
0.001,<class 'torch.optim.adam.Adam'>,CrossEntropyLoss(),1,True,16,71.46978084275743,25.99162402235826,43.789069810784326,248.55670381163083,85.64666666666666,87.18,integrated_gradients,8
0.001,<class 'torch.optim.adam.Adam'>,CrossEntropyLoss(),1,True,16,38.41287536621094,35.343011474609376,64.8751953125,250.353515625,85.29666666666667,88.26,deeplift,9
0.001,<class 'torch.optim.adam.Adam'>,CrossEntropyLoss(),1,True,16,38.37010855352218,35.462244720925405,64.7390468594924,250.3535319372585,85.29666666666667,88.26,integrated_gradients,9
0.001,<class 'torch.optim.adam.Adam'>,CrossEntropyLoss(),1,True,16,90.06201782226563,14.609333801269532,21.919296264648438,260.5010986328125,85.35166666666667,87.19,deeplift,10
0.001,<class 'torch.optim.adam.Adam'>,CrossEntropyLoss(),1,True,16,90.05490934106291,14.613566923043555,21.88837688565614,260.50111686772243,85.35166666666667,87.19,integrated_gradients,10
0.001,<class 'torch.optim.adam.Adam'>,CrossEntropyLoss(),1,True,16,71.37201538085938,78.16043090820312,21.481243896484376,246.4590087890625,85.24,86.88,deeplift,11
0.001,<class 'torch.optim.adam.Adam'>,CrossEntropyLoss(),1,True,16,71.3269968740411,78.58149154635746,21.490390805206616,246.4590237395274,85.24,86.88,integrated_gradients,11
0.001,<class 'torch.optim.adam.Adam'>,CrossEntropyLoss(),1,True,16,42.65144653320313,26.4904052734375,43.883364868164065,230.904833984375,85.26666666666667,87.01,deeplift,12
0.001,<class 'torch.optim.adam.Adam'>,CrossEntropyLoss(),1,True,16,42.61902472625046,26.712944305289405,43.87619546470675,230.90481838737028,85.26666666666667,87.01,integrated_gradients,12
0.001,<class 'torch.optim.adam.Adam'>,CrossEntropyLoss(),1,True,16,46.18265380859375,30.166018676757812,49.670745849609375,253.56904296875,85.39,87.0,deeplift,13
0.001,<class 'torch.optim.adam.Adam'>,CrossEntropyLoss(),1,True,16,46.205798823719476,29.747498013899065,49.66740059797019,253.56902619703231,85.39,87.0,integrated_gradients,13
0.001,<class 'torch.optim.adam.Adam'>,CrossEntropyLoss(),1,True,16,87.92322998046875,19.618084716796876,43.96394348144531,275.240576171875,85.19666666666667,86.79,deeplift,14
0.001,<class 'torch.optim.adam.Adam'>,CrossEntropyLoss(),1,True,16,87.94572623911284,19.62884673919954,44.414329509799664,275.2405410706824,85.19666666666667,86.79,integrated_gradients,14
0.001,<class 'torch.optim.adam.Adam'>,CrossEntropyLoss(),1,True,8,15.7721923828125,105.68841552734375,14.049821472167968,287.367822265625,85.08166666666666,87.52,deeplift,0
0.001,<class 'torch.optim.adam.Adam'>,CrossEntropyLoss(),1,True,8,15.818297733572066,105.63840752382457,14.03315778926385,287.36782447185465,85.08166666666666,87.52,integrated_gradients,0
0.001,<class 'torch.optim.adam.Adam'>,CrossEntropyLoss(),1,True,8,-2.4728260040283203,30.763604736328126,47.93661193847656,302.6558837890625,84.89,87.02,deeplift,1
0.001,<class 'torch.optim.adam.Adam'>,CrossEntropyLoss(),1,True,8,-2.019520673361582,30.795494073789406,47.87453708130475,302.6558791280433,84.89,87.02,integrated_gradients,1
0.001,<class 'torch.optim.adam.Adam'>,CrossEntropyLoss(),1,True,8,68.10336303710938,29.773898315429687,9.266132354736328,291.839013671875,85.00666666666666,86.45,deeplift,2
0.001,<class 'torch.optim.adam.Adam'>,CrossEntropyLoss(),1,True,8,68.1036795594701,29.783503241693502,9.240413492308878,291.8390272538948,85.00666666666666,86.45,integrated_gradients,2
0.001,<class 'torch.optim.adam.Adam'>,CrossEntropyLoss(),1,True,8,23.85760498046875,26.3946044921875,47.674267578125,309.7309326171875,84.97333333333333,85.33,deeplift,3
0.001,<class 'torch.optim.adam.Adam'>,CrossEntropyLoss(),1,True,8,23.8436731698737,26.336459967479605,47.66962146612094,309.730966008391,84.97333333333333,85.33,integrated_gradients,3
0.001,<class 'torch.optim.adam.Adam'>,CrossEntropyLoss(),1,True,8,13.131327819824218,21.443484497070312,82.06420288085937,298.772607421875,85.175,86.09,deeplift,4
0.001,<class 'torch.optim.adam.Adam'>,CrossEntropyLoss(),1,True,8,13.161947940383646,21.376253871999857,81.50536130944192,298.772603554767,85.175,86.09,integrated_gradients,4
0.001,<class 'torch.optim.adam.Adam'>,CrossEntropyLoss(),1,True,8,44.945916748046876,65.727490234375,32.30872802734375,303.522314453125,85.07166666666667,88.35,deeplift,5
0.001,<class 'torch.optim.adam.Adam'>,CrossEntropyLoss(),1,True,8,44.911611469538215,66.25762583854414,32.306905329453336,303.52228934940024,85.07166666666667,88.35,integrated_gradients,5
0.001,<class 'torch.optim.adam.Adam'>,CrossEntropyLoss(),1,True,8,25.6203125,48.223095703125,71.35137939453125,323.500634765625,84.91333333333333,86.29,deeplift,6
0.001,<class 'torch.optim.adam.Adam'>,CrossEntropyLoss(),1,True,8,25.620352250374516,48.1626276405572,71.37203887156613,323.50063784283,84.91333333333333,86.29,integrated_gradients,6
0.001,<class 'torch.optim.adam.Adam'>,CrossEntropyLoss(),1,True,8,52.05411376953125,28.7725341796875,62.207342529296874,285.540087890625,84.94166666666666,87.52,deeplift,7
0.001,<class 'torch.optim.adam.Adam'>,CrossEntropyLoss(),1,True,8,51.85647578808185,28.62014224493651,62.216782106523986,285.5400926138551,84.94166666666666,87.52,integrated_gradients,7
0.001,<class 'torch.optim.adam.Adam'>,CrossEntropyLoss(),1,True,8,68.02617797851562,16.41502990722656,34.250247192382815,306.6865234375,85.22833333333334,86.36,deeplift,8
0.001,<class 'torch.optim.adam.Adam'>,CrossEntropyLoss(),1,True,8,68.10377597385332,16.42452934608821,34.14568096440592,306.68651829122825,85.22833333333334,86.36,integrated_gradients,8
0.001,<class 'torch.optim.adam.Adam'>,CrossEntropyLoss(),1,True,8,26.945742797851562,24.800958251953126,55.569921875,307.631689453125,84.86666666666666,86.32,deeplift,9
0.001,<class 'torch.optim.adam.Adam'>,CrossEntropyLoss(),1,True,8,26.967221603261557,24.682185592751516,55.52304015927224,307.63168545745606,84.86666666666666,86.32,integrated_gradients,9
0.001,<class 'torch.optim.adam.Adam'>,CrossEntropyLoss(),1,True,8,88.366552734375,12.201859283447266,11.531405639648437,305.8069091796875,85.12166666666667,85.24,deeplift,10
0.001,<class 'torch.optim.adam.Adam'>,CrossEntropyLoss(),1,True,8,88.35328154206464,12.14978205399246,11.544177191937836,305.8069162670223,85.12166666666667,85.24,integrated_gradients,10
0.001,<class 'torch.optim.adam.Adam'>,CrossEntropyLoss(),1,True,8,52.14231567382812,66.09255981445312,4.956584930419922,303.4647216796875,85.13666666666667,85.24,deeplift,11
0.001,<class 'torch.optim.adam.Adam'>,CrossEntropyLoss(),1,True,8,52.228868897126446,66.06726085650926,4.969280116783693,303.4647442825802,85.13666666666667,85.24,integrated_gradients,11
0.001,<class 'torch.optim.adam.Adam'>,CrossEntropyLoss(),1,True,8,38.77296447753906,25.759820556640626,47.298797607421875,292.98310546875,85.02666666666667,85.46,deeplift,12
0.001,<class 'torch.optim.adam.Adam'>,CrossEntropyLoss(),1,True,8,38.82187977152265,25.716991870631034,47.18635631690238,292.98309994164777,85.02666666666667,85.46,integrated_gradients,12
0.001,<class 'torch.optim.adam.Adam'>,CrossEntropyLoss(),1,True,8,44.055487060546874,22.504580688476562,40.64117431640625,315.461767578125,84.97166666666666,87.0,deeplift,13
0.001,<class 'torch.optim.adam.Adam'>,CrossEntropyLoss(),1,True,8,44.02397931770644,22.56857025100323,40.62213372740257,315.4617413006038,84.97166666666666,87.0,integrated_gradients,13
0.001,<class 'torch.optim.adam.Adam'>,CrossEntropyLoss(),1,True,8,87.64234008789063,8.182138061523437,17.664309692382812,324.7119140625,84.78833333333333,85.57,deeplift,14
0.001,<class 'torch.optim.adam.Adam'>,CrossEntropyLoss(),1,True,8,87.6586745295955,8.177906594526434,17.63142124650601,324.7118892822055,84.78833333333333,85.57,integrated_gradients,14
0.0007,<class 'torch.optim.adam.Adam'>,CrossEntropyLoss(),1,True,64,145.2953369140625,119.18489990234374,41.41694946289063,146.4011962890625,85.375,86.89,deeplift,0
0.0007,<class 'torch.optim.adam.Adam'>,CrossEntropyLoss(),1,True,64,145.6315447354116,118.73709559835865,41.354734757552556,146.40120715126497,85.375,86.89,integrated_gradients,0
0.0007,<class 'torch.optim.adam.Adam'>,CrossEntropyLoss(),1,True,64,62.603448486328126,101.55709838867188,85.38079223632812,158.661181640625,84.66333333333333,87.71,deeplift,1
0.0007,<class 'torch.optim.adam.Adam'>,CrossEntropyLoss(),1,True,64,62.43075612030431,101.72612062311926,84.90219175523691,158.66118184978737,84.66333333333333,87.71,integrated_gradients,1
0.0007,<class 'torch.optim.adam.Adam'>,CrossEntropyLoss(),1,True,64,84.0974853515625,85.860791015625,72.2799072265625,147.66689453125,85.145,86.21,deeplift,2
0.0007,<class 'torch.optim.adam.Adam'>,CrossEntropyLoss(),1,True,64,84.23596299392018,85.90555853416382,72.15198790285486,147.66690991408242,85.145,86.21,integrated_gradients,2
0.0007,<class 'torch.optim.adam.Adam'>,CrossEntropyLoss(),1,True,64,93.43920288085937,52.501190185546875,96.30126342773437,143.43597412109375,85.26666666666667,88.0,deeplift,3
0.0007,<class 'torch.optim.adam.Adam'>,CrossEntropyLoss(),1,True,64,94.02600298725262,52.54646434603332,96.2951747582419,143.43596015231745,85.26666666666667,88.0,integrated_gradients,3
0.0007,<class 'torch.optim.adam.Adam'>,CrossEntropyLoss(),1,True,64,134.89268798828124,68.63616943359375,95.35732421875,139.6704345703125,84.845,87.27,deeplift,4
0.0007,<class 'torch.optim.adam.Adam'>,CrossEntropyLoss(),1,True,64,135.37648788118702,68.74505017374699,95.01876311718023,139.6704514459803,84.845,87.27,integrated_gradients,4
0.0007,<class 'torch.optim.adam.Adam'>,CrossEntropyLoss(),1,True,64,92.44528198242188,119.69312744140625,54.350537109375,159.2964599609375,85.26833333333333,87.56,deeplift,5
0.0007,<class 'torch.optim.adam.Adam'>,CrossEntropyLoss(),1,True,64,92.73165888774305,118.82423125173257,54.2649709923618,159.29645774707762,85.26833333333333,87.56,integrated_gradients,5
0.0007,<class 'torch.optim.adam.Adam'>,CrossEntropyLoss(),1,True,64,65.32679443359375,112.861669921875,108.41683349609374,172.49102783203125,84.86166666666666,85.74,deeplift,6
0.0007,<class 'torch.optim.adam.Adam'>,CrossEntropyLoss(),1,True,64,65.4233875728754,112.35461252366296,108.24501676206322,172.49103606879189,84.86166666666666,85.74,integrated_gradients,6
0.0007,<class 'torch.optim.adam.Adam'>,CrossEntropyLoss(),1,True,64,175.74854736328126,86.26122436523437,70.507470703125,135.506689453125,84.80333333333333,87.44,deeplift,7
0.0007,<class 'torch.optim.adam.Adam'>,CrossEntropyLoss(),1,True,64,175.1270290511392,86.50937199382678,70.42166468077635,135.5066811810885,84.80333333333333,87.44,integrated_gradients,7
0.0007,<class 'torch.optim.adam.Adam'>,CrossEntropyLoss(),1,True,64,142.1075927734375,57.2163818359375,111.395166015625,136.43516845703124,85.05833333333334,87.63,deeplift,8
0.0007,<class 'torch.optim.adam.Adam'>,CrossEntropyLoss(),1,True,64,142.57361340204525,57.00889225695953,111.46292766643262,136.43517263622587,85.05833333333334,87.63,integrated_gradients,8
0.0007,<class 'torch.optim.adam.Adam'>,CrossEntropyLoss(),1,True,64,122.17789306640626,88.00454711914062,137.04296875,150.117138671875,85.17166666666667,88.09,deeplift,9
0.0007,<class 'torch.optim.adam.Adam'>,CrossEntropyLoss(),1,True,64,122.44221245048887,87.89703776811398,137.76992274030576,150.1171339123007,85.17166666666667,88.09,integrated_gradients,9
0.0007,<class 'torch.optim.adam.Adam'>,CrossEntropyLoss(),1,True,64,93.6470703125,39.87628173828125,163.707958984375,160.4723876953125,85.08333333333333,87.9,deeplift,10
0.0007,<class 'torch.optim.adam.Adam'>,CrossEntropyLoss(),1,True,64,93.52713596286664,39.96865448934016,163.46077449670847,160.47236854149148,85.08333333333333,87.9,integrated_gradients,10
0.0007,<class 'torch.optim.adam.Adam'>,CrossEntropyLoss(),1,True,64,133.907861328125,100.695361328125,60.59522705078125,140.65673828125,85.06166666666667,87.17,deeplift,11
0.0007,<class 'torch.optim.adam.Adam'>,CrossEntropyLoss(),1,True,64,133.82017418253304,100.9195813821291,60.27179062256855,140.65673193119088,85.06166666666667,87.17,integrated_gradients,11
0.0007,<class 'torch.optim.adam.Adam'>,CrossEntropyLoss(),1,True,64,136.579443359375,88.50858154296876,51.2616455078125,140.81671142578125,84.83166666666666,87.28,deeplift,12
0.0007,<class 'torch.optim.adam.Adam'>,CrossEntropyLoss(),1,True,64,135.9041518054572,88.71201940975878,51.26354197187858,140.81671210813803,84.83166666666666,87.28,integrated_gradients,12
0.0007,<class 'torch.optim.adam.Adam'>,CrossEntropyLoss(),1,True,64,91.69820556640624,71.90390625,143.59967041015625,147.18388671875,84.93833333333333,87.35,deeplift,13
0.0007,<class 'torch.optim.adam.Adam'>,CrossEntropyLoss(),1,True,64,91.37858858758003,71.513993266158,143.97096305034654,147.18387729145826,84.93833333333333,87.35,integrated_gradients,13
0.0007,<class 'torch.optim.adam.Adam'>,CrossEntropyLoss(),1,True,64,134.0949951171875,36.16136169433594,60.429754638671874,171.33424072265626,84.63833333333334,87.83,deeplift,14
0.0007,<class 'torch.optim.adam.Adam'>,CrossEntropyLoss(),1,True,64,134.70325102782712,36.16447848165936,60.37166397043113,171.33423936994055,84.63833333333334,87.83,integrated_gradients,14
0.0007,<class 'torch.optim.adam.Adam'>,CrossEntropyLoss(),1,True,32,109.47396240234374,118.77149658203125,24.611463928222655,177.33836669921874,85.655,85.71,deeplift,0
0.0007,<class 'torch.optim.adam.Adam'>,CrossEntropyLoss(),1,True,32,109.97560677147514,118.72741383749148,24.444458012193476,177.33836314618912,85.655,85.71,integrated_gradients,0
0.0007,<class 'torch.optim.adam.Adam'>,CrossEntropyLoss(),1,True,32,51.7175537109375,78.44842529296875,70.56644287109376,186.92584228515625,85.20666666666666,87.35,deeplift,1
0.0007,<class 'torch.optim.adam.Adam'>,CrossEntropyLoss(),1,True,32,51.46728831720439,78.63407193845661,70.37142899085018,186.92583000989774,85.20666666666666,87.35,integrated_gradients,1
0.0007,<class 'torch.optim.adam.Adam'>,CrossEntropyLoss(),1,True,32,65.50966796875,61.55208740234375,36.133917236328124,163.23114013671875,85.46833333333333,87.09,deeplift,2
0.0007,<class 'torch.optim.adam.Adam'>,CrossEntropyLoss(),1,True,32,65.129386444964,61.67480783959686,36.22360046730094,163.2311536996371,85.46833333333333,87.09,integrated_gradients,2
0.0007,<class 'torch.optim.adam.Adam'>,CrossEntropyLoss(),1,True,32,69.46607666015625,43.812939453125,72.40658569335938,166.02178955078125,85.71166666666667,87.48,deeplift,3
0.0007,<class 'torch.optim.adam.Adam'>,CrossEntropyLoss(),1,True,32,69.48807914051875,44.084254433370724,72.37789299791235,166.02178756824654,85.71166666666667,87.48,integrated_gradients,3
0.0007,<class 'torch.optim.adam.Adam'>,CrossEntropyLoss(),1,True,32,86.56829223632812,53.7861572265625,79.59508666992187,173.08021240234376,85.29333333333334,87.74,deeplift,4
0.0007,<class 'torch.optim.adam.Adam'>,CrossEntropyLoss(),1,True,32,86.56954063647159,53.523840389108976,79.83144860649317,173.08022099149392,85.29333333333334,87.74,integrated_gradients,4
0.0007,<class 'torch.optim.adam.Adam'>,CrossEntropyLoss(),1,True,32,71.65738525390626,85.95316162109376,41.603265380859376,182.25738525390625,85.62666666666667,87.71,deeplift,5
0.0007,<class 'torch.optim.adam.Adam'>,CrossEntropyLoss(),1,True,32,71.51497910871984,86.35505124827908,41.706010529875606,182.2573935010013,85.62666666666667,87.71,integrated_gradients,5
0.0007,<class 'torch.optim.adam.Adam'>,CrossEntropyLoss(),1,True,32,47.367495727539065,81.78738403320312,72.14666137695312,201.25625,85.40166666666667,87.28,deeplift,6
0.0007,<class 'torch.optim.adam.Adam'>,CrossEntropyLoss(),1,True,32,47.32576699328328,81.81021018418494,72.32876263418652,201.25626236272953,85.40166666666667,87.28,integrated_gradients,6
0.0007,<class 'torch.optim.adam.Adam'>,CrossEntropyLoss(),1,True,32,118.03438720703124,55.278997802734374,49.03226928710937,167.958984375,85.27,88.36,deeplift,7
0.0007,<class 'torch.optim.adam.Adam'>,CrossEntropyLoss(),1,True,32,118.39771529409333,54.78785852559563,49.11718154315014,167.95896686307609,85.27,88.36,integrated_gradients,7
0.0007,<class 'torch.optim.adam.Adam'>,CrossEntropyLoss(),1,True,32,100.16567993164062,42.73708801269531,96.435546875,161.6337158203125,85.53666666666666,87.28,deeplift,8
0.0007,<class 'torch.optim.adam.Adam'>,CrossEntropyLoss(),1,True,32,100.06834694687974,42.80712443858875,97.1984796949138,161.63372618793707,85.53666666666666,87.28,integrated_gradients,8
0.0007,<class 'torch.optim.adam.Adam'>,CrossEntropyLoss(),1,True,32,96.43880615234374,64.67852172851562,109.40882568359375,174.77435302734375,85.60666666666667,88.08,deeplift,9
0.0007,<class 'torch.optim.adam.Adam'>,CrossEntropyLoss(),1,True,32,96.32054880883635,64.67851034827362,108.71509326540658,174.77436128127914,85.60666666666667,88.08,integrated_gradients,9
0.0007,<class 'torch.optim.adam.Adam'>,CrossEntropyLoss(),1,True,32,91.06773681640625,20.359597778320314,105.36051025390626,187.5376220703125,85.315,87.47,deeplift,10
0.0007,<class 'torch.optim.adam.Adam'>,CrossEntropyLoss(),1,True,32,91.09327085492777,20.38381993161448,105.12584790883363,187.53763524735893,85.315,87.47,integrated_gradients,10
0.0007,<class 'torch.optim.adam.Adam'>,CrossEntropyLoss(),1,True,32,91.841748046875,86.00069580078124,28.7333740234375,159.5120361328125,85.31833333333333,87.58,deeplift,11
0.0007,<class 'torch.optim.adam.Adam'>,CrossEntropyLoss(),1,True,32,92.17137043005793,86.30255476642543,28.781057996263378,159.51202600563073,85.31833333333333,87.58,integrated_gradients,11
0.0007,<class 'torch.optim.adam.Adam'>,CrossEntropyLoss(),1,True,32,83.81438598632812,70.93533325195312,40.43543701171875,162.7650146484375,85.28333333333333,87.81,deeplift,12
0.0007,<class 'torch.optim.adam.Adam'>,CrossEntropyLoss(),1,True,32,83.89269244517968,70.51200527604722,40.45790037581166,162.765024824826,85.28333333333333,87.81,integrated_gradients,12
0.0007,<class 'torch.optim.adam.Adam'>,CrossEntropyLoss(),1,True,32,65.98778076171875,59.6721435546875,96.69129638671875,177.0703125,85.34166666666667,87.78,deeplift,13
0.0007,<class 'torch.optim.adam.Adam'>,CrossEntropyLoss(),1,True,32,66.16387193358156,59.998480516250325,96.44713720063443,177.07031689467223,85.34166666666667,87.78,integrated_gradients,13
0.0007,<class 'torch.optim.adam.Adam'>,CrossEntropyLoss(),1,True,32,109.59613037109375,33.26219177246094,45.47456359863281,198.82862548828126,85.14166666666667,87.26,deeplift,14
0.0007,<class 'torch.optim.adam.Adam'>,CrossEntropyLoss(),1,True,32,109.68804330854896,33.26075375506242,45.825306707995175,198.82862333129256,85.14166666666667,87.26,integrated_gradients,14
0.0007,<class 'torch.optim.adam.Adam'>,CrossEntropyLoss(),1,True,16,57.82325439453125,121.472607421875,18.10895538330078,205.76025390625,85.72833333333334,87.57,deeplift,0
0.0007,<class 'torch.optim.adam.Adam'>,CrossEntropyLoss(),1,True,16,57.99103876718141,120.67717458281541,18.070317514566074,205.76025577274558,85.72833333333334,87.57,integrated_gradients,0
0.0007,<class 'torch.optim.adam.Adam'>,CrossEntropyLoss(),1,True,16,28.364474487304687,41.7353759765625,53.1475341796875,213.6114990234375,85.39166666666667,87.15,deeplift,1
0.0007,<class 'torch.optim.adam.Adam'>,CrossEntropyLoss(),1,True,16,28.106865201099424,41.75345784505204,52.895397686262825,213.61151748707624,85.39166666666667,87.15,integrated_gradients,1
0.0007,<class 'torch.optim.adam.Adam'>,CrossEntropyLoss(),1,True,16,84.5397705078125,42.892608642578125,19.246701049804688,196.48846435546875,85.45,86.84,deeplift,2
0.0007,<class 'torch.optim.adam.Adam'>,CrossEntropyLoss(),1,True,16,84.59992957556108,42.94469391943776,19.546225645031367,196.488459092996,85.45,86.84,integrated_gradients,2
0.0007,<class 'torch.optim.adam.Adam'>,CrossEntropyLoss(),1,True,16,58.238134765625,38.123355102539065,50.092010498046875,199.27447509765625,85.79,87.75,deeplift,3
0.0007,<class 'torch.optim.adam.Adam'>,CrossEntropyLoss(),1,True,16,58.27627432421873,38.04002994232367,50.10614378817303,199.27447740441679,85.79,87.75,integrated_gradients,3
0.0007,<class 'torch.optim.adam.Adam'>,CrossEntropyLoss(),1,True,16,35.20506591796875,44.091372680664065,59.23930053710937,208.2509521484375,85.475,87.99,deeplift,4
0.0007,<class 'torch.optim.adam.Adam'>,CrossEntropyLoss(),1,True,16,35.359316082954,44.32931465861048,59.296941896392426,208.25095345207336,85.475,87.99,integrated_gradients,4
0.0007,<class 'torch.optim.adam.Adam'>,CrossEntropyLoss(),1,True,16,46.403082275390624,76.189892578125,33.6962890625,210.6584228515625,85.58666666666667,87.2,deeplift,5
0.0007,<class 'torch.optim.adam.Adam'>,CrossEntropyLoss(),1,True,16,46.346069793057914,76.32843918569624,33.6964858186947,210.65840731584882,85.58666666666667,87.2,integrated_gradients,5
0.0007,<class 'torch.optim.adam.Adam'>,CrossEntropyLoss(),1,True,16,37.164492797851565,70.2981689453125,62.944586181640624,236.516162109375,85.44,87.61,deeplift,6
0.0007,<class 'torch.optim.adam.Adam'>,CrossEntropyLoss(),1,True,16,37.24931829507661,70.28556497576956,62.937985813024184,236.5161608112234,85.44,87.61,integrated_gradients,6
0.0007,<class 'torch.optim.adam.Adam'>,CrossEntropyLoss(),1,True,16,67.59890747070312,38.537237548828124,32.9783935546875,192.653564453125,85.39333333333333,87.92,deeplift,7
0.0007,<class 'torch.optim.adam.Adam'>,CrossEntropyLoss(),1,True,16,67.69029620402262,38.230072297777355,32.91755629831044,192.65356812695507,85.39333333333333,87.92,integrated_gradients,7
0.0007,<class 'torch.optim.adam.Adam'>,CrossEntropyLoss(),1,True,16,67.39611206054687,34.75323486328125,41.19898986816406,201.974560546875,85.78333333333333,87.26,deeplift,8
0.0007,<class 'torch.optim.adam.Adam'>,CrossEntropyLoss(),1,True,16,67.47760772206507,34.56361288727742,41.23309382398557,201.97457631034007,85.78333333333333,87.26,integrated_gradients,8
0.0007,<class 'torch.optim.adam.Adam'>,CrossEntropyLoss(),1,True,16,52.89737548828125,35.24497985839844,77.38317260742187,201.4135498046875,85.49833333333333,88.26,deeplift,9
0.0007,<class 'torch.optim.adam.Adam'>,CrossEntropyLoss(),1,True,16,52.905621054345985,35.39197608605099,77.49506945923741,201.41354853940143,85.49833333333333,88.26,integrated_gradients,9
0.0007,<class 'torch.optim.adam.Adam'>,CrossEntropyLoss(),1,True,16,85.5191162109375,12.678602600097657,36.688714599609376,217.6037353515625,85.55833333333334,87.52,deeplift,10
0.0007,<class 'torch.optim.adam.Adam'>,CrossEntropyLoss(),1,True,16,85.57311935976195,12.659491547355675,36.593027528205866,217.60373147935306,85.55833333333334,87.52,integrated_gradients,10
0.0007,<class 'torch.optim.adam.Adam'>,CrossEntropyLoss(),1,True,16,82.65276489257812,67.58895874023438,21.4844970703125,195.068310546875,85.42333333333333,87.11,deeplift,11
0.0007,<class 'torch.optim.adam.Adam'>,CrossEntropyLoss(),1,True,16,82.6610224383656,67.6022420905815,21.468654634098026,195.06830665436885,85.42333333333333,87.11,integrated_gradients,11
0.0007,<class 'torch.optim.adam.Adam'>,CrossEntropyLoss(),1,True,16,48.1779296875,39.315789794921876,33.39931945800781,191.566015625,85.41166666666666,87.32,deeplift,12
0.0007,<class 'torch.optim.adam.Adam'>,CrossEntropyLoss(),1,True,16,48.03129601204272,39.46004038181003,33.38818401869233,191.5660068534822,85.41166666666666,87.32,integrated_gradients,12
0.0007,<class 'torch.optim.adam.Adam'>,CrossEntropyLoss(),1,True,16,48.38325500488281,43.317132568359376,44.744329833984374,207.33876953125,85.44666666666667,87.66,deeplift,13
0.0007,<class 'torch.optim.adam.Adam'>,CrossEntropyLoss(),1,True,16,48.51204848294406,43.89922670001779,44.75641187339474,207.3387812120272,85.44666666666667,87.66,integrated_gradients,13
0.0007,<class 'torch.optim.adam.Adam'>,CrossEntropyLoss(),1,True,16,86.31088256835938,24.72417297363281,45.30574035644531,232.140234375,85.385,87.34,deeplift,14
0.0007,<class 'torch.optim.adam.Adam'>,CrossEntropyLoss(),1,True,16,86.35259652700967,24.713601582223824,45.420516547341194,232.14022391138573,85.385,87.34,integrated_gradients,14
0.0007,<class 'torch.optim.adam.Adam'>,CrossEntropyLoss(),1,True,8,17.951260375976563,115.5558837890625,10.28240509033203,225.3408447265625,85.45166666666667,87.94,deeplift,0
0.0007,<class 'torch.optim.adam.Adam'>,CrossEntropyLoss(),1,True,8,17.929615993868776,115.56712313583685,10.29243308530086,225.34084954971186,85.45166666666667,87.94,integrated_gradients,0
0.0007,<class 'torch.optim.adam.Adam'>,CrossEntropyLoss(),1,True,8,21.907382202148437,31.82427062988281,44.0013671875,243.198681640625,85.27833333333334,87.87,deeplift,1
0.0007,<class 'torch.optim.adam.Adam'>,CrossEntropyLoss(),1,True,8,21.898356099460067,31.855349177988074,43.871656895861626,243.19868581111487,85.27833333333334,87.87,integrated_gradients,1
0.0007,<class 'torch.optim.adam.Adam'>,CrossEntropyLoss(),1,True,8,74.31295776367188,27.005526733398437,9.375373840332031,232.151025390625,85.42,87.02,deeplift,2
0.0007,<class 'torch.optim.adam.Adam'>,CrossEntropyLoss(),1,True,8,74.32367742205099,26.896179877316662,9.115339955892072,232.15101052402284,85.42,87.02,integrated_gradients,2
0.0007,<class 'torch.optim.adam.Adam'>,CrossEntropyLoss(),1,True,8,44.94920349121094,23.3391357421875,-7.366275024414063,232.6677978515625,85.45,86.51,deeplift,3
0.0007,<class 'torch.optim.adam.Adam'>,CrossEntropyLoss(),1,True,8,44.76450191342437,23.294542570383925,-7.818026146965407,232.66781210077025,85.45,86.51,integrated_gradients,3
0.0007,<class 'torch.optim.adam.Adam'>,CrossEntropyLoss(),1,True,8,21.648297119140626,36.77999572753906,66.19310913085937,238.939404296875,85.48333333333333,86.99,deeplift,4
0.0007,<class 'torch.optim.adam.Adam'>,CrossEntropyLoss(),1,True,8,21.730959354746304,37.01345662705075,66.13620844103481,238.9394048470639,85.48333333333333,86.99,integrated_gradients,4
0.0007,<class 'torch.optim.adam.Adam'>,CrossEntropyLoss(),1,True,8,33.778350830078125,67.99910888671874,32.969610595703124,245.876416015625,85.46666666666667,88.14,deeplift,5
0.0007,<class 'torch.optim.adam.Adam'>,CrossEntropyLoss(),1,True,8,33.79278150360268,67.31224208593008,32.90170864078502,245.87642154520026,85.46666666666667,88.14,integrated_gradients,5
0.0007,<class 'torch.optim.adam.Adam'>,CrossEntropyLoss(),1,True,8,27.222561645507813,52.1647705078125,58.602899169921876,269.5150146484375,85.235,86.92,deeplift,6
0.0007,<class 'torch.optim.adam.Adam'>,CrossEntropyLoss(),1,True,8,27.180813482246084,52.21836183614231,58.63418136425497,269.5150209005473,85.235,86.92,integrated_gradients,6
0.0007,<class 'torch.optim.adam.Adam'>,CrossEntropyLoss(),1,True,8,54.23890380859375,35.0841064453125,13.311544799804688,219.3138671875,85.34666666666666,87.81,deeplift,7
0.0007,<class 'torch.optim.adam.Adam'>,CrossEntropyLoss(),1,True,8,53.97784482981344,35.109980583550595,13.040044183945549,219.3138887079321,85.34666666666666,87.81,integrated_gradients,7
0.0007,<class 'torch.optim.adam.Adam'>,CrossEntropyLoss(),1,True,8,62.13116455078125,18.50262451171875,32.38768005371094,243.2272216796875,85.63833333333334,87.49,deeplift,8
0.0007,<class 'torch.optim.adam.Adam'>,CrossEntropyLoss(),1,True,8,62.10412395253629,18.511295021268623,32.635052025004626,243.2272040261119,85.63833333333334,87.49,integrated_gradients,8
0.0007,<class 'torch.optim.adam.Adam'>,CrossEntropyLoss(),1,True,8,33.552545166015626,26.31767883300781,55.59632568359375,242.81494140625,85.32833333333333,87.22,deeplift,9
0.0007,<class 'torch.optim.adam.Adam'>,CrossEntropyLoss(),1,True,8,33.609530503207495,26.279247444451403,55.630934313478086,242.81493878976988,85.32833333333333,87.22,integrated_gradients,9
0.0007,<class 'torch.optim.adam.Adam'>,CrossEntropyLoss(),1,True,8,78.75536499023437,5.573883438110352,13.413491821289062,259.137353515625,85.47833333333334,85.87,deeplift,10
0.0007,<class 'torch.optim.adam.Adam'>,CrossEntropyLoss(),1,True,8,78.79214298131946,5.613927670702717,13.406387207646372,259.13735119755665,85.47833333333334,85.87,integrated_gradients,10
0.0007,<class 'torch.optim.adam.Adam'>,CrossEntropyLoss(),1,True,8,60.160028076171876,72.58300170898437,10.202842712402344,236.197998046875,85.45833333333333,85.75,deeplift,11
0.0007,<class 'torch.optim.adam.Adam'>,CrossEntropyLoss(),1,True,8,60.117006369406795,72.32912942670603,10.185438293866069,236.1979938357198,85.45833333333333,85.75,integrated_gradients,11
0.0007,<class 'torch.optim.adam.Adam'>,CrossEntropyLoss(),1,True,8,21.5471923828125,36.880584716796875,38.068896484375,231.240625,85.28833333333333,86.37,deeplift,12
0.0007,<class 'torch.optim.adam.Adam'>,CrossEntropyLoss(),1,True,8,20.514647470932246,37.11133049795094,38.066994196106975,231.2406243447655,85.28833333333333,86.37,integrated_gradients,12
0.0007,<class 'torch.optim.adam.Adam'>,CrossEntropyLoss(),1,True,8,37.34519653320312,32.848272705078124,39.399591064453126,244.60439453125,85.34333333333333,87.11,deeplift,13
0.0007,<class 'torch.optim.adam.Adam'>,CrossEntropyLoss(),1,True,8,37.284930710528045,32.17457574551475,39.416127820978105,244.60439140180407,85.34333333333333,87.11,integrated_gradients,13
0.0007,<class 'torch.optim.adam.Adam'>,CrossEntropyLoss(),1,True,8,81.0472412109375,12.149353790283204,37.30173950195312,258.0259765625,85.18,86.59,deeplift,14
0.0007,<class 'torch.optim.adam.Adam'>,CrossEntropyLoss(),1,True,8,81.04569651283634,12.119251957085933,37.736042585818254,258.0259556289842,85.18,86.59,integrated_gradients,14
0.0003,<class 'torch.optim.adam.Adam'>,CrossEntropyLoss(),1,True,64,135.9239990234375,105.48731689453125,65.34518432617188,99.14508666992188,84.44333333333333,86.28,deeplift,0
0.0003,<class 'torch.optim.adam.Adam'>,CrossEntropyLoss(),1,True,64,136.38194467630058,105.12565754625984,65.29995440435927,99.14508934918452,84.44333333333333,86.28,integrated_gradients,0
0.0003,<class 'torch.optim.adam.Adam'>,CrossEntropyLoss(),1,True,64,75.06499633789062,128.40699462890626,76.474609375,107.1834228515625,83.665,86.75,deeplift,1
0.0003,<class 'torch.optim.adam.Adam'>,CrossEntropyLoss(),1,True,64,75.4653186356695,128.52008048389507,76.3726125344752,107.18341556727451,83.665,86.75,integrated_gradients,1
0.0003,<class 'torch.optim.adam.Adam'>,CrossEntropyLoss(),1,True,64,101.2435791015625,101.4505615234375,79.54161376953125,99.42968139648437,84.43,85.78,deeplift,2
0.0003,<class 'torch.optim.adam.Adam'>,CrossEntropyLoss(),1,True,64,101.17185316206556,101.27098868925886,79.65775410061839,99.42967589520188,84.43,85.78,integrated_gradients,2
0.0003,<class 'torch.optim.adam.Adam'>,CrossEntropyLoss(),1,True,64,107.9136474609375,57.058441162109375,126.0518310546875,94.74219970703125,84.245,87.16,deeplift,3
0.0003,<class 'torch.optim.adam.Adam'>,CrossEntropyLoss(),1,True,64,108.24919257664735,56.97090000738734,125.70117647796607,94.74219969313714,84.245,87.16,integrated_gradients,3
0.0003,<class 'torch.optim.adam.Adam'>,CrossEntropyLoss(),1,True,64,157.1396728515625,80.75762939453125,98.43982543945313,91.58435668945313,83.97833333333334,86.62,deeplift,4
0.0003,<class 'torch.optim.adam.Adam'>,CrossEntropyLoss(),1,True,64,156.71393032178418,80.68345228543588,98.27311762953217,91.58435742602914,83.97833333333334,86.62,integrated_gradients,4
0.0003,<class 'torch.optim.adam.Adam'>,CrossEntropyLoss(),1,True,64,96.1588134765625,128.490869140625,74.73153076171874,110.485400390625,84.48833333333333,87.07,deeplift,5
0.0003,<class 'torch.optim.adam.Adam'>,CrossEntropyLoss(),1,True,64,96.03763396149172,128.7062023339134,74.51749315924226,110.48540427972134,84.48833333333333,87.07,integrated_gradients,5
0.0003,<class 'torch.optim.adam.Adam'>,CrossEntropyLoss(),1,True,64,113.89512939453125,105.81812744140625,125.179931640625,109.0523681640625,84.145,85.37,deeplift,6
0.0003,<class 'torch.optim.adam.Adam'>,CrossEntropyLoss(),1,True,64,114.04015703323327,106.08939231005259,124.75349226133122,109.05236524799459,84.145,85.37,integrated_gradients,6
0.0003,<class 'torch.optim.adam.Adam'>,CrossEntropyLoss(),1,True,64,191.406005859375,106.5547607421875,97.08563232421875,86.75617065429688,83.705,86.4,deeplift,7
0.0003,<class 'torch.optim.adam.Adam'>,CrossEntropyLoss(),1,True,64,191.91450316264545,105.9621659463764,96.86228155399104,86.7561728572332,83.705,86.4,integrated_gradients,7
0.0003,<class 'torch.optim.adam.Adam'>,CrossEntropyLoss(),1,True,64,152.659375,74.4892578125,108.30244140625,96.75020751953124,84.26666666666667,86.59,deeplift,8
0.0003,<class 'torch.optim.adam.Adam'>,CrossEntropyLoss(),1,True,64,153.160531250614,74.4277676519138,107.64894672209599,96.75020917509926,84.26666666666667,86.59,integrated_gradients,8
0.0003,<class 'torch.optim.adam.Adam'>,CrossEntropyLoss(),1,True,64,97.77387084960938,87.45092163085937,144.21697998046875,105.33909912109375,84.30833333333334,87.24,deeplift,9
0.0003,<class 'torch.optim.adam.Adam'>,CrossEntropyLoss(),1,True,64,98.057665703702,87.615445872502,144.62911458221237,105.33910773189652,84.30833333333334,87.24,integrated_gradients,9
0.0003,<class 'torch.optim.adam.Adam'>,CrossEntropyLoss(),1,True,64,103.332080078125,91.26428833007813,167.8996826171875,112.6326904296875,84.07833333333333,87.28,deeplift,10
0.0003,<class 'torch.optim.adam.Adam'>,CrossEntropyLoss(),1,True,64,103.08469989546127,91.29544176574224,168.15625410144852,112.63268940658342,84.07833333333333,87.28,integrated_gradients,10
0.0003,<class 'torch.optim.adam.Adam'>,CrossEntropyLoss(),1,True,64,150.48988037109376,128.5154541015625,71.07192993164062,98.81810302734375,84.35166666666667,86.53,deeplift,11
0.0003,<class 'torch.optim.adam.Adam'>,CrossEntropyLoss(),1,True,64,150.63575822487923,128.56976335668267,70.7572167761385,98.81809857462778,84.35166666666667,86.53,integrated_gradients,11
0.0003,<class 'torch.optim.adam.Adam'>,CrossEntropyLoss(),1,True,64,166.092822265625,102.642431640625,78.9680908203125,94.58197021484375,83.955,86.53,deeplift,12
0.0003,<class 'torch.optim.adam.Adam'>,CrossEntropyLoss(),1,True,64,166.4473062176963,102.61972031773394,78.88529832979411,94.58196880560959,83.955,86.53,integrated_gradients,12
0.0003,<class 'torch.optim.adam.Adam'>,CrossEntropyLoss(),1,True,64,85.5323974609375,89.28912353515625,163.41558837890625,101.15244140625,83.815,86.69,deeplift,13
0.0003,<class 'torch.optim.adam.Adam'>,CrossEntropyLoss(),1,True,64,85.55920089773416,89.30457974321322,163.73318012612148,101.15244332073064,83.815,86.69,integrated_gradients,13
0.0003,<class 'torch.optim.adam.Adam'>,CrossEntropyLoss(),1,True,64,117.37900390625,52.320947265625,78.391650390625,108.20736083984374,83.83666666666667,87.0,deeplift,14
0.0003,<class 'torch.optim.adam.Adam'>,CrossEntropyLoss(),1,True,64,117.77057741169374,52.49168271877495,78.71935811499452,108.20736125379317,83.83666666666667,87.0,integrated_gradients,14
0.0003,<class 'torch.optim.adam.Adam'>,CrossEntropyLoss(),1,True,32,147.84581298828124,106.64417724609375,46.76112365722656,114.21767578125,85.06666666666666,85.81,deeplift,0
0.0003,<class 'torch.optim.adam.Adam'>,CrossEntropyLoss(),1,True,32,148.10056508032395,106.09008811384658,47.00033887317914,114.21768115782808,85.06666666666666,85.81,integrated_gradients,0
0.0003,<class 'torch.optim.adam.Adam'>,CrossEntropyLoss(),1,True,32,57.65428466796875,125.610498046875,82.076904296875,128.38927001953124,84.44166666666666,86.71,deeplift,1
0.0003,<class 'torch.optim.adam.Adam'>,CrossEntropyLoss(),1,True,32,57.891441102399384,125.45653932024513,82.24376634394466,128.3892503020409,84.44166666666666,86.71,integrated_gradients,1
0.0003,<class 'torch.optim.adam.Adam'>,CrossEntropyLoss(),1,True,32,93.95083618164062,92.2891845703125,74.22714233398438,113.30660400390624,85.13,86.66,deeplift,2
0.0003,<class 'torch.optim.adam.Adam'>,CrossEntropyLoss(),1,True,32,93.8583318064064,92.31505880872726,74.59550190002055,113.30659550731852,85.13,86.66,integrated_gradients,2
0.0003,<class 'torch.optim.adam.Adam'>,CrossEntropyLoss(),1,True,32,102.789599609375,44.090634155273435,114.47625732421875,108.88494873046875,85.09166666666667,87.33,deeplift,3
0.0003,<class 'torch.optim.adam.Adam'>,CrossEntropyLoss(),1,True,32,103.09846127349849,44.37963865468678,114.48920382249358,108.88494629042569,85.09166666666667,87.33,integrated_gradients,3
0.0003,<class 'torch.optim.adam.Adam'>,CrossEntropyLoss(),1,True,32,151.56976318359375,74.008154296875,89.48487548828125,112.855078125,84.51,87.14,deeplift,4
0.0003,<class 'torch.optim.adam.Adam'>,CrossEntropyLoss(),1,True,32,151.84492522906262,73.77432639546645,89.8944700561724,112.85507759855496,84.51,87.14,integrated_gradients,4
0.0003,<class 'torch.optim.adam.Adam'>,CrossEntropyLoss(),1,True,32,90.85986328125,124.220166015625,50.291567993164065,126.415673828125,85.05333333333333,87.64,deeplift,5
0.0003,<class 'torch.optim.adam.Adam'>,CrossEntropyLoss(),1,True,32,90.86144034379593,123.56438076125887,50.26042742257373,126.41567773645144,85.05333333333333,87.64,integrated_gradients,5
0.0003,<class 'torch.optim.adam.Adam'>,CrossEntropyLoss(),1,True,32,75.5893798828125,102.58695068359376,117.328466796875,127.30494384765625,84.825,86.85,deeplift,6
0.0003,<class 'torch.optim.adam.Adam'>,CrossEntropyLoss(),1,True,32,75.90954881505324,102.96364829604268,117.385997721184,127.30495134162541,84.825,86.85,integrated_gradients,6
0.0003,<class 'torch.optim.adam.Adam'>,CrossEntropyLoss(),1,True,32,207.408642578125,92.2309326171875,82.2900146484375,106.653662109375,84.64666666666666,87.06,deeplift,7
0.0003,<class 'torch.optim.adam.Adam'>,CrossEntropyLoss(),1,True,32,207.23230285321034,91.5328760545325,82.25144362797738,106.65364872934022,84.64666666666666,87.06,integrated_gradients,7
0.0003,<class 'torch.optim.adam.Adam'>,CrossEntropyLoss(),1,True,32,169.7458251953125,64.44315185546876,109.285400390625,111.51629638671875,84.905,87.05,deeplift,8
0.0003,<class 'torch.optim.adam.Adam'>,CrossEntropyLoss(),1,True,32,169.2626531581808,64.68484287510552,109.69849450162386,111.51629935197316,84.905,87.05,integrated_gradients,8
0.0003,<class 'torch.optim.adam.Adam'>,CrossEntropyLoss(),1,True,32,109.581005859375,93.53756103515624,144.481689453125,122.672705078125,84.87666666666667,87.56,deeplift,9
0.0003,<class 'torch.optim.adam.Adam'>,CrossEntropyLoss(),1,True,32,109.5625000426771,93.53400326923179,144.07430862977495,122.67269760749998,84.87666666666667,87.56,integrated_gradients,9
0.0003,<class 'torch.optim.adam.Adam'>,CrossEntropyLoss(),1,True,32,96.11881103515626,50.23453979492187,181.836181640625,130.4004638671875,84.76,86.99,deeplift,10
0.0003,<class 'torch.optim.adam.Adam'>,CrossEntropyLoss(),1,True,32,96.60213755146641,50.24595743496218,181.85993881125663,130.40047946475016,84.76,86.99,integrated_gradients,10
0.0003,<class 'torch.optim.adam.Adam'>,CrossEntropyLoss(),1,True,32,147.67392578125,114.6720947265625,69.43179931640626,110.0107666015625,84.84833333333333,87.2,deeplift,11
0.0003,<class 'torch.optim.adam.Adam'>,CrossEntropyLoss(),1,True,32,147.5857346039548,114.85570858755739,69.6765004448469,110.01076159448526,84.84833333333333,87.2,integrated_gradients,11
0.0003,<class 'torch.optim.adam.Adam'>,CrossEntropyLoss(),1,True,32,173.59619140625,94.2412841796875,58.93570556640625,110.520849609375,84.73333333333333,87.45,deeplift,12
0.0003,<class 'torch.optim.adam.Adam'>,CrossEntropyLoss(),1,True,32,173.45886630999965,94.08764788885705,58.99097070351512,110.52083704210222,84.73333333333333,87.45,integrated_gradients,12
0.0003,<class 'torch.optim.adam.Adam'>,CrossEntropyLoss(),1,True,32,85.54723510742187,73.08741455078125,167.656689453125,119.48353271484375,84.68166666666667,87.18,deeplift,13
0.0003,<class 'torch.optim.adam.Adam'>,CrossEntropyLoss(),1,True,32,85.54810054099069,72.52817560210389,167.3063537976995,119.4835352713686,84.68166666666667,87.18,integrated_gradients,13
0.0003,<class 'torch.optim.adam.Adam'>,CrossEntropyLoss(),1,True,32,127.44842529296875,32.815557861328124,56.523529052734375,132.48837890625,84.46,86.76,deeplift,14
0.0003,<class 'torch.optim.adam.Adam'>,CrossEntropyLoss(),1,True,32,127.85299948845571,33.06109311722085,56.710626593666085,132.4883718294332,84.46,86.76,integrated_gradients,14
0.0003,<class 'torch.optim.adam.Adam'>,CrossEntropyLoss(),1,True,16,150.69716796875,104.46455078125,29.754000854492187,137.51800537109375,85.55666666666667,87.37,deeplift,0
0.0003,<class 'torch.optim.adam.Adam'>,CrossEntropyLoss(),1,True,16,150.10678226658302,104.12179375071135,29.996976858234284,137.51799961739738,85.55666666666667,87.37,integrated_gradients,0
0.0003,<class 'torch.optim.adam.Adam'>,CrossEntropyLoss(),1,True,16,36.505551147460935,107.76600341796875,80.264208984375,150.2548583984375,85.06666666666666,86.44,deeplift,1
0.0003,<class 'torch.optim.adam.Adam'>,CrossEntropyLoss(),1,True,16,36.83611862658522,107.62760847812778,80.73791726035569,150.2548522031834,85.06666666666666,86.44,integrated_gradients,1
0.0003,<class 'torch.optim.adam.Adam'>,CrossEntropyLoss(),1,True,16,75.918212890625,75.56905517578124,61.5803466796875,135.6186279296875,85.18166666666667,86.94,deeplift,2
0.0003,<class 'torch.optim.adam.Adam'>,CrossEntropyLoss(),1,True,16,75.80957991783528,75.7954138754331,61.30160689047888,135.61862268086495,85.18166666666667,86.94,integrated_gradients,2
0.0003,<class 'torch.optim.adam.Adam'>,CrossEntropyLoss(),1,True,16,93.827783203125,38.62554931640625,95.41932373046875,126.69986572265626,85.49,87.2,deeplift,3
0.0003,<class 'torch.optim.adam.Adam'>,CrossEntropyLoss(),1,True,16,93.14878256674328,38.907937787507116,95.54521386753073,126.69987009572262,85.49,87.2,integrated_gradients,3
0.0003,<class 'torch.optim.adam.Adam'>,CrossEntropyLoss(),1,True,16,128.0112060546875,58.37119140625,74.51702880859375,134.6964599609375,85.08666666666667,87.73,deeplift,4
0.0003,<class 'torch.optim.adam.Adam'>,CrossEntropyLoss(),1,True,16,128.15090368541817,58.30092834815217,74.79847350801715,134.69645806676397,85.08666666666667,87.73,integrated_gradients,4
0.0003,<class 'torch.optim.adam.Adam'>,CrossEntropyLoss(),1,True,16,88.07589721679688,113.89324951171875,34.130975341796876,143.7195556640625,85.4,87.5,deeplift,5
0.0003,<class 'torch.optim.adam.Adam'>,CrossEntropyLoss(),1,True,16,88.12142636063074,114.4290828813034,34.299162217102904,143.7195584971792,85.4,87.5,integrated_gradients,5
0.0003,<class 'torch.optim.adam.Adam'>,CrossEntropyLoss(),1,True,16,36.82695007324219,94.14315795898438,98.54271240234375,154.60596923828126,85.08166666666666,87.57,deeplift,6
0.0003,<class 'torch.optim.adam.Adam'>,CrossEntropyLoss(),1,True,16,36.9778963262806,94.44165437294943,98.54115718151758,154.60597267524736,85.08166666666666,87.57,integrated_gradients,6
0.0003,<class 'torch.optim.adam.Adam'>,CrossEntropyLoss(),1,True,16,181.76353759765624,72.14398193359375,60.6497314453125,126.88917236328125,85.04,87.83,deeplift,7
0.0003,<class 'torch.optim.adam.Adam'>,CrossEntropyLoss(),1,True,16,181.99457742654744,71.85555050265306,60.92589948603103,126.88917108560528,85.04,87.83,integrated_gradients,7
0.0003,<class 'torch.optim.adam.Adam'>,CrossEntropyLoss(),1,True,16,159.1501708984375,48.60237121582031,114.35872802734374,132.05780029296875,85.43666666666667,87.46,deeplift,8
0.0003,<class 'torch.optim.adam.Adam'>,CrossEntropyLoss(),1,True,16,158.7351073496576,48.41282245459725,114.15057938229263,132.05780375809738,85.43666666666667,87.46,integrated_gradients,8
0.0003,<class 'torch.optim.adam.Adam'>,CrossEntropyLoss(),1,True,16,113.84215087890625,85.96619873046875,128.25604248046875,136.995654296875,85.205,87.77,deeplift,9
0.0003,<class 'torch.optim.adam.Adam'>,CrossEntropyLoss(),1,True,16,114.0411511466639,85.9849449434211,127.50331836106236,136.99564504916904,85.205,87.77,integrated_gradients,9
0.0003,<class 'torch.optim.adam.Adam'>,CrossEntropyLoss(),1,True,16,79.62212524414062,22.09748229980469,183.51328125,151.253662109375,85.235,87.22,deeplift,10
0.0003,<class 'torch.optim.adam.Adam'>,CrossEntropyLoss(),1,True,16,79.47992483690206,22.1323875113415,183.7126140903908,151.25366281619927,85.235,87.22,integrated_gradients,10
0.0003,<class 'torch.optim.adam.Adam'>,CrossEntropyLoss(),1,True,16,127.13262939453125,102.02130737304688,58.341064453125,129.841064453125,85.22,86.74,deeplift,11
0.0003,<class 'torch.optim.adam.Adam'>,CrossEntropyLoss(),1,True,16,127.69935097175808,101.53770838039657,58.534280046516436,129.8410554012871,85.22,86.74,integrated_gradients,11
0.0003,<class 'torch.optim.adam.Adam'>,CrossEntropyLoss(),1,True,16,144.12904052734376,76.71363525390625,36.115475463867185,126.032861328125,85.05666666666667,86.86,deeplift,12
0.0003,<class 'torch.optim.adam.Adam'>,CrossEntropyLoss(),1,True,16,144.51110575127274,76.44997831256869,36.13576259176885,126.03286147040174,85.05666666666667,86.86,integrated_gradients,12
0.0003,<class 'torch.optim.adam.Adam'>,CrossEntropyLoss(),1,True,16,77.60889282226563,53.60413818359375,149.4795166015625,136.6838623046875,85.05833333333334,87.37,deeplift,13
0.0003,<class 'torch.optim.adam.Adam'>,CrossEntropyLoss(),1,True,16,77.75186215427128,53.26481379223759,149.00165640867414,136.6838811394719,85.05833333333334,87.37,integrated_gradients,13
0.0003,<class 'torch.optim.adam.Adam'>,CrossEntropyLoss(),1,True,16,133.30390625,30.030535888671874,49.35921936035156,160.52178955078125,85.00166666666667,87.33,deeplift,14
0.0003,<class 'torch.optim.adam.Adam'>,CrossEntropyLoss(),1,True,16,133.12427645425896,30.012525535246642,49.431523591001245,160.52180157349656,85.00166666666667,87.33,integrated_gradients,14
0.0003,<class 'torch.optim.adam.Adam'>,CrossEntropyLoss(),1,True,8,105.43870849609375,96.61453247070312,7.90968017578125,152.5005615234375,85.62333333333333,87.9,deeplift,0
0.0003,<class 'torch.optim.adam.Adam'>,CrossEntropyLoss(),1,True,8,105.7297857368397,96.32412928271134,7.894341083944241,152.50056016467363,85.62333333333333,87.9,integrated_gradients,0
0.0003,<class 'torch.optim.adam.Adam'>,CrossEntropyLoss(),1,True,8,21.136676025390624,77.86644897460937,62.1357666015625,169.5560791015625,85.38166666666666,87.59,deeplift,1
0.0003,<class 'torch.optim.adam.Adam'>,CrossEntropyLoss(),1,True,8,20.391519140052846,77.8679737112532,61.61541980174078,169.5560788985028,85.38166666666666,87.59,integrated_gradients,1
0.0003,<class 'torch.optim.adam.Adam'>,CrossEntropyLoss(),1,True,8,71.54307861328125,46.781402587890625,22.371061706542967,150.7706787109375,85.53666666666666,87.34,deeplift,2
0.0003,<class 'torch.optim.adam.Adam'>,CrossEntropyLoss(),1,True,8,71.57568678037777,46.650630871096865,22.414332148255472,150.7706799477488,85.53666666666666,87.34,integrated_gradients,2
0.0003,<class 'torch.optim.adam.Adam'>,CrossEntropyLoss(),1,True,8,34.373175048828124,28.864801025390626,63.00771484375,147.03240966796875,85.61166666666666,87.31,deeplift,3
0.0003,<class 'torch.optim.adam.Adam'>,CrossEntropyLoss(),1,True,8,33.38609120159691,29.04334258477827,63.17286290211738,147.03241108204242,85.61166666666666,87.31,integrated_gradients,3
0.0003,<class 'torch.optim.adam.Adam'>,CrossEntropyLoss(),1,True,8,72.25386962890624,41.34614868164063,58.51876220703125,155.35810546875,85.38166666666666,87.7,deeplift,4
0.0003,<class 'torch.optim.adam.Adam'>,CrossEntropyLoss(),1,True,8,72.67952125272349,41.46719435731431,58.93851832496491,155.35811310322865,85.38166666666666,87.7,integrated_gradients,4
0.0003,<class 'torch.optim.adam.Adam'>,CrossEntropyLoss(),1,True,8,66.68572998046875,70.6835693359375,28.94562683105469,159.85784912109375,85.70333333333333,88.06,deeplift,5
0.0003,<class 'torch.optim.adam.Adam'>,CrossEntropyLoss(),1,True,8,66.5624150446346,71.0565716172804,29.15092096072946,159.8578470476159,85.70333333333333,88.06,integrated_gradients,5
0.0003,<class 'torch.optim.adam.Adam'>,CrossEntropyLoss(),1,True,8,31.096951293945313,61.78150634765625,55.16395874023438,182.40650634765626,85.40333333333334,87.02,deeplift,6
0.0003,<class 'torch.optim.adam.Adam'>,CrossEntropyLoss(),1,True,8,31.135886598122518,61.87982526777355,55.14180301380943,182.40650772399994,85.40333333333334,87.02,integrated_gradients,6
0.0003,<class 'torch.optim.adam.Adam'>,CrossEntropyLoss(),1,True,8,119.209521484375,44.06203918457031,39.53135375976562,147.1013427734375,85.31833333333333,87.7,deeplift,7
0.0003,<class 'torch.optim.adam.Adam'>,CrossEntropyLoss(),1,True,8,118.73755128858336,44.71149568068831,39.51227454829165,147.10134790039496,85.31833333333333,87.7,integrated_gradients,7
0.0003,<class 'torch.optim.adam.Adam'>,CrossEntropyLoss(),1,True,8,105.42686767578125,28.429702758789062,89.2924072265625,151.93109130859375,85.72166666666666,86.96,deeplift,8
0.0003,<class 'torch.optim.adam.Adam'>,CrossEntropyLoss(),1,True,8,105.11031067747236,28.40591426684417,89.15166383085274,151.93108979438873,85.72166666666666,86.96,integrated_gradients,8
0.0003,<class 'torch.optim.adam.Adam'>,CrossEntropyLoss(),1,True,8,83.63765869140624,60.88441772460938,95.04373779296876,155.26732177734374,85.45333333333333,87.55,deeplift,9
0.0003,<class 'torch.optim.adam.Adam'>,CrossEntropyLoss(),1,True,8,83.2794277077891,60.69664682458468,95.27314653649306,155.26731522199728,85.45333333333333,87.55,integrated_gradients,9
0.0003,<class 'torch.optim.adam.Adam'>,CrossEntropyLoss(),1,True,8,72.52703857421875,4.765873718261719,118.3558837890625,173.958056640625,85.51333333333334,86.77,deeplift,10
0.0003,<class 'torch.optim.adam.Adam'>,CrossEntropyLoss(),1,True,8,72.59848275011565,4.843063493699605,118.35459333306471,173.95804122632146,85.51333333333334,86.77,integrated_gradients,10
0.0003,<class 'torch.optim.adam.Adam'>,CrossEntropyLoss(),1,True,8,77.90501708984375,80.66412963867188,22.2635498046875,143.87218017578124,85.595,86.46,deeplift,11
0.0003,<class 'torch.optim.adam.Adam'>,CrossEntropyLoss(),1,True,8,77.74041048662664,80.68026331000863,22.212334628011636,143.87219183953954,85.595,86.46,integrated_gradients,11
0.0003,<class 'torch.optim.adam.Adam'>,CrossEntropyLoss(),1,True,8,75.09072875976562,60.04273681640625,25.394000244140624,148.68878173828125,85.26833333333333,86.96,deeplift,12
0.0003,<class 'torch.optim.adam.Adam'>,CrossEntropyLoss(),1,True,8,74.88546572777781,60.11043232403301,25.408282455997252,148.68878176010182,85.26833333333333,86.96,integrated_gradients,12
0.0003,<class 'torch.optim.adam.Adam'>,CrossEntropyLoss(),1,True,8,45.658261108398435,36.245941162109375,104.20762939453125,154.983447265625,85.345,87.74,deeplift,13
0.0003,<class 'torch.optim.adam.Adam'>,CrossEntropyLoss(),1,True,8,45.81991936268215,36.10534158872966,104.59896604849341,154.98344545583586,85.345,87.74,integrated_gradients,13
0.0003,<class 'torch.optim.adam.Adam'>,CrossEntropyLoss(),1,True,8,93.25753173828124,21.43662872314453,41.568634033203125,183.766015625,85.21166666666667,87.19,deeplift,14
0.0003,<class 'torch.optim.adam.Adam'>,CrossEntropyLoss(),1,True,8,93.60222670471701,21.43944575071634,41.935192090370805,183.76603979950627,85.21166666666667,87.19,integrated_gradients,14
